NodeID,Score
Spanish Shrimp  Carriers,0.253
12744,1.75
143129355,0.0
7775,1.1099999999999999
1017141,2.7
2591586,1.38
185040354,-0.757
Faroe Islands Shrimp Shark,-0.757
341411,-0.11699999999999999
21323516,2.06
√¢¬Ä¬úvictim√¢,4.6
√¢¬Ä¬úperpetrator√¢,3.96
8561,2.2529999999999997
William Bradley,1.96
Joseph Griffin,1.3199999999999998
√¢¬Ä≈†√¢,2.6399999999999997
853949688,3.6500000000000004
650512,2.06
8,4.6
128692,-0.757
172711,3.01
Jacob Caldwell,1.01
14253815,1.96
4369922c-ce1d-40ff-904c-1f6a3000bf6b,2.27
Saltwater Solitude GmbH & Co. KG,1.1099999999999999
PRK,1.1099999999999999
√¢¬Ä¬úViking√¢,1.1099999999999999
506,3.6500000000000004
4937447,0.37
√¢¬Ä¬úregular√¢,3.6500000000000004
2079436,2.06
Ann Daniels,1.96
Stephanie Mccormick MD,0.37
Lisa Clay,1.3199999999999998
589,2.06
Elizabeth Welch,1.01
da0a7bbb-5bd1-42aa-bcc0-b8923d5c15d4,1.01
Eugene Ochoa,2.27
967900443,0.6229999999999999
Lisa Jimenez,1.3199999999999998
1,0.0
445a6124-4650-4e5a-83bb-a0e0b4040ee9,2.91
Martha Robbins,1.96
Don Hopkins,0.37
Joseph Gray,1.3199999999999998
4,0.8329999999999999
4975,1.38
7282284,1.1099999999999999
0,0.0
Sean Vasquez,0.37
196159,1.2029999999999998
755,-0.387
860067396,1.1099999999999999
664738735,0.74
290834957,0.19299999999999995
Timothy Reeves,0.37
457009514,0.74
6043477,1.1099999999999999
526269,0.19299999999999995
Jason Cameron,1.01
77b46bc7-7e31-41a0-973c-e633011d21b0,0.37
7,3.263
35,-0.387
6406040,1.3199999999999998
Jamie Knox,1.3199999999999998
Kristin Graham,2.27
99575926,0.74
72371354,1.3199999999999998
55,-0.387
766649,0.37
955425,1.943
132,1.1099999999999999
8701038,1.2029999999999998
9067,-0.11699999999999999
750975,1.2029999999999998
3404599,-0.757
85117949,1.01
3506021,-0.757
348079,0.37
78,2.27
95,-0.387
√¢¬Ä¬ú8√¢,2.7
√¢¬Ä¬úrefer,1.75
√¢¬Ä¬ú10√¢,1.1099999999999999
Alyssa Huffman,1.3199999999999998
245,1.75
300668979,0.37
√¢¬Ä¬òNotices√¢¬Ä¬ô√¢,2.06
651,0.37
7845,0.37
265700083,2.7
47679,-0.757
d0123474-8425-4ab0-90d5-175920158638,1.96
425887173,-0.757
86597,0.353
405ab2a5-68f0-4304-ab94-24c7995a248e,1.96
44842,1.01
e2b334d9-4d51-40b2-a7b1-441b88400b75,1.01
68,1.96
610,1.1099999999999999
4063,3.01
740523,3.01
Marine,1.96
255√¢¬Ä¬ì273,1.3199999999999998
91dcf36d-dba8-41e8-a4cc-912981a27296,0.37
69150209,0.253
2,1.38
72,2.7
35881,2.06
06430a2c-805a-4a76-bbda-2a24c0c860d7,2.91
Derek Burke,1.3199999999999998
490653,1.96
888,1.3199999999999998
775298545,2.7
26676370,2.06
Viento Azul Harbor LLC Investment,2.06
Viking fishing,1.3199999999999998
44956,0.253
3,0.37
5,1.38
0715f2ea-3d11-4eaa-a0c4-fb3290896531,2.27
77,1.8499999999999999
Andrea Gibson,0.37
hours,1.3199999999999998
7298083,-0.11699999999999999
21,1.75
6,0.74
Alexander Buchanan,1.3199999999999998
Maria Mitchell,0.37
9,2.7
14bda3bb-9993-4265-97cc-1747808c144e,1.96
Amanda Mckenzie,0.37
8698,1.38
Claire Russell,1.3199999999999998
964,0.74
Scott Medina,0.37
2262,0.19299999999999995
93873119,2.7
Jeremy Cordova,1.96
602ea158-0519-47fc-badc-787721580418,1.96
Victoria Parks,0.37
St,0.64
e40c01a4-8ed5-400f-857d-31e7bd263e35,1.3199999999999998
49494,0.37
551,1.3199999999999998
Bryan Taylor,1.01
380,0.64
f20779bf-63b5-4ea4-bb5f-944bb9449bce,0.37
349,1.3199999999999998
97453782,2.06
71835024,2.7
Anne Anderson,1.3199999999999998
Brian Nelson,1.3199999999999998
78590886,2.7
7209,1.75
79139,0.74
78135,1.1099999999999999
5810,2.06
704138011,3.6500000000000004
84616,2.06
66538530,2.33
12731,1.1099999999999999
ee05a28e-82ba-4f1d-a60f-68797a422ada,1.96
82344,1.96
58,-0.017000000000000015
Cynthia Williams,0.37
Armed Robbery√¢,-0.017000000000000015
76,3.6330000000000005
6731,0.8329999999999999
83,0.64
Ms. Stephanie Rivera DDS,0.37
665,0.8329999999999999
89772543,-0.387
√¢¬Ä¬úunregulated√¢,3.01
aea12579-8802-4b2d-b432-fc35fe4d10d5,0.37
a7948099-0cab-4b80-8707-2ada931ac288,2.27
Michael Smith,1.96
Melanie Miller,1.3199999999999998
12,0.74
27,1.69
Timothy Allen,1.96
Nathaniel Jimenez,1.96
3b728c8f-1eaa-4f16-8c63-d3bcffd437bb,1.96
Turkish Sword Buoy Incorporated Forwading,1.38
498817,2.06
2989,1.1099999999999999
967,0.37
df42b319-be6a-4a2e-b11d-c4da7ecfc01c,1.3199999999999998
185106,0.37
947,0.64
Gregory Ortiz,1.3199999999999998
Michael Compton,0.37
4348721,1.01
USS Hershel,1.3199999999999998
b20c0baf-8530-4a84-a5b6-8da324ebebdb,0.37
26,3.01
21538,1.38
860600018,-0.11699999999999999
237659945,2.06
Victoria Anderson,0.37
USCGC Spencer,0.37
WMEC,1.3199999999999998
435054320,2.54
Cutter,0.37
f21800ca-b3c9-404b-8438-3d75ea84c409,1.01
1560,-0.387
Sept,0.8329999999999999
John Gonzalez,1.3199999999999998
68703341,1.943
57,0.37
6046437,1.01
03b6c1a6-dcd8-462f-9a7e-bf9ea7e0a987,0.37
Act,0.37
9a651d73-d88f-4f9c-9497-7321ef575c6f,0.37
Natasha Phillips,1.3199999999999998
36351742-aff4-4df7-a495-1f1f2c94127a,0.37
Dakota Hansen,1.96
301,1.1099999999999999
James Best,1.3199999999999998
9203,2.7
3878194,1.75
Amy Kent,1.3199999999999998
Convention√¢,2.06
months years,1.3199999999999998
water fishing,2.27
months√¢,2.7
18,2.2199999999999998
months,0.37
Emily Johnson,1.96
94,0.74
e85c691a-2adc-4094-8d29-5ea328486951,1.01
760079,0.74
3009706,3.01
41870892-4565-42cd-9374-8665d01e9aa9,1.96
Susan Erickson,1.3199999999999998
80191,-0.017000000000000015
0f5fd4f9-1683-464e-9459-a4488de5064b,0.37
cookies,0.37
Ashley Davis,0.37
924,0.37
865275,0.64
449308,2.7
28,1.1099999999999999
23777,0.353
518,0.95
426469,0.9929999999999999
6064a564-2a82-44b7-8614-3a33f25e41ba,2.27
3cda9d0b-77af-4e85-bef8-e935ca55ea06,1.96
494197,2.06
200640636,0.37
23,0.136
144431,0.37
Debbie Daniel,2.91
png xi  Line,-0.757
26261586,3.6500000000000004
15910405,-0.757
7361,1.1099999999999999
85052185,2.7
48605,2.33
c73572b6-7b24-49e7-8f52-11cf8ec3c7d2,2.27
8412071,1.75
439861274,0.74
Brian Williams,1.3199999999999998
908724,0.95
Jennifer Price,1.96
653505420,2.91
Kimberly Palmer,0.37
5848,1.1099999999999999
15785056,2.06
733,-0.757
277983365,-0.017000000000000015
Playa del Cielo Kga,-0.757
26431,1.1099999999999999
6d249c4d-1f62-4ab2-b107-8fd978f115c7,1.96
3785,2.06
164575,1.38
Spencer King,0.37
Dawn Oconnell,0.37
√¢¬Ä≈†,0.37
1396,4.6
235866056,0.64
d5b94ebc-e03a-438e-872b-a15db349a748,1.01
486,-0.757
arts,1.96
98,-0.7740000000000001
Timothy Cuevas,1.01
Joshua Glover,0.37
Tara Villegas,1.3199999999999998
Ashley Wiggins,2.27
49048884,1.3199999999999998
9612243,2.06
Andrea Hansen,1.3199999999999998
189,3.6500000000000004
737205,2.7
April,1.01
5705060,3.6500000000000004
959,2.06
Belgian Scallop Ltd. Liability Co,1.96
√¢¬Ä¬únecessary√¢,1.75
883320938,2.06
Ryan Williams,1.96
Colleen Everett,1.01
Brenda Gonzalez,0.37
2198,2.33
Clayton Rodgers,1.3199999999999998
Randy Collins,1.96
41398ea8-d14a-4666-80e8-6a212684d871,1.01
Brandon Berger,2.27
40690,1.96
e836e8c3-a45e-4225-870d-d3e8dbc62c26,1.3199999999999998
Jennifer Alvarez,1.96
Bryce Baker,0.37
743225,0.64
Norwegian Shrimp Ltd. Liability Co,2.7
Rajasthan Limited Liability Company,1.3199999999999998
4783,1.96
Timothy Estrada,1.96
ten,2.91
e2816018-e01c-4eac-8dc5-e84aebc22cff,1.96
Vanessa Avila,0.37
529,0.95
47924922,0.74
49,-0.11699999999999999
12845006,2.91
9488645,-0.757
Lauren Moore,1.96
√¢¬Ä¬úlocal√¢,0.74
Leominster Provincetown√¢,2.7
371bf15a-3000-499a-88e4-cc096b028ec7,2.91
913428,1.01
d7f220de-bba2-4965-9c15-3dd38ef5c3c7,0.37
fisheries√¢,1.01
Mark Weiss,0.37
53073557,2.33
Jason Davis,0.37
34,0.0
Erin Bowen,1.3199999999999998
Albert Thomas,1.96
31408,0.74
28064,3.01
Kyle Stanton,1.96
ae16dd9b-0271-4699-91bc-0ce6b69357c6,0.37
Mrs. Crystal Reyes,2.27
e31b2b9c-3197-4c2c-ac40-3c6711a4682b,1.01
5a52675e-1243-4244-ad55-85a06c4408de,1.96
Stephanie Hinton,1.96
8153f5cb-e1f7-49bb-91bb-24b3a296a40a,1.3199999999999998
70873,2.7
Estrella de Mar Ltd. Liability Co,0.37
Ship2Report,1.3199999999999998
90562,0.9929999999999999
b28d568f-09b4-41bd-b04d-4cf255f1adc6,0.37
410,2.06
47562016,2.7
87940,3.01
5639000,1.38
5372,0.37
951093,0.0
86590543,-0.11699999999999999
Jonathan Smith,0.37
217fe70e-cc2d-4899-9127-e0a7da182699,1.3199999999999998
Playa de la Luna Ltd. Corporation,0.9329999999999999
304,1.75
672,0.9929999999999999
02cd44a1-7945-40d9-b38f-56f70976582c,0.37
7950,0.37
44,1.69
41,1.38
2125,0.95
1076f239-831c-4c53-9134-484c8f2d5c73,1.96
Amy Wilson,1.3199999999999998
9e2e5adf-b6aa-4e7f-9af1-a899ceccfba6,1.96
59,0.0
46510923,1.943
pilot,0.37
9699687,2.06
Mar del Oeste Pic,-0.757
31,1.1099999999999999
4526320,1.1099999999999999
98748,2.7
50,1.1099999999999999
5495,0.74
454,1.01
83818120,0.64
Mr. Gregory Brown,0.37
8327,1.75
222848436,2.7
Amphibious Warships,1.3199999999999998
Brian Weber,0.37
weeks,1.01
40213337,0.64
cutters,1.3199999999999998
Coast,1.96
7505050,-0.11699999999999999
Today,0.37
June year,2.91
8787,-0.11699999999999999
218,0.37
88149,1.01
175,1.1099999999999999
Michael Nicholson,1.96
Andrea Peters,0.37
7691,0.64
98332,-0.11699999999999999
78565892,1.69
df365f60-c399-42f5-ad38-736145edef5e,1.96
4146760,3.01
812740593,1.75
Joshua Baker,1.3199999999999998
4764109,1.1099999999999999
761,3.01
a7d22b55-872d-4fc0-b1ea-935f63ce0d2a,2.91
water,0.37
√¢¬Ä¬òdevil vessels√¢,3.01
Erik Johnson,2.91
Alexandria Wilson,2.27
9786,1.01
Stephanie Garner,1.3199999999999998
≈ì√Ü¬ü√Ø,2.7
≈ìe1P√Ø,2.7
≈ìe1P√Ø¬ø≈ìP√Ø,1.75
≈ìP√Ø,1.75
≈ì√≠¬ì¬É√Ø,1.75
≈ìXu√Ø,1.75
≈ì√û¬£√Ø,1.1099999999999999
≈ì8p,1.1099999999999999
≈ìk,1.1099999999999999
≈ìPj√Ø,1.1099999999999999
≈ì√û¬ñ√Ø,1.1099999999999999
≈ìB,1.1099999999999999
≈ìl√û¬ùu√Ø,1.1099999999999999
iJPk√Ø,1.1099999999999999
≈ì5√Ø,2.06
≈ì√Ø,2.7
≈ìDd√Ø,3.65
√Ü¬É√Ø,3.65
≈ìg√Ø,2.7
p√Ø¬ø≈ì√Ø,2.7
≈ì√Ø¬ø≈ì√Ø,2.7
K√Ø,2.7
≈ìi√Ø,2.7
q√Ø¬ø≈ì√Æ,2.7
≈ìGu√Ø,2.7
≈ìPm6,2.7
≈ìz,2.7
≈ìN√Ø,2.7
≈ì√é¬í√Ø,2.7
≈ìbjNnn√Ø,2.7
≈ìL√Ø,2.06
≈ì√ü,2.06
≈ì5√Ø,2.06
√â¬Åd,2.06
L√Ø,2.06
≈ìjO√ë,2.06
≈ìY,2.06
≈ìnO√Ø,2.06
N√Ø,2.06
≈ìz√Ø,2.06
≈ìX,2.06
≈ì√í≈íip√Ø,2.06
≈ìMSss√Ø,2.06
≈ìx,2.06
≈ìV√Ø,2.06
≈ìUk√Ø,2.06
≈ìm√Ø¬ø≈ìd√Ø,2.06
≈ìm√ß¬Ñ¬¢k√Ø,2.06
≈ìm√ß¬Ñ¬¢k√Ø¬ø≈ìF1√Ø,3.01
≈ìF1√Ø,3.01
≈ìF1√Ø¬ø≈ìF,3.01
Miguel Fisher,1.01
Last,0.37
Jeremy Norris,0.37
Dana Goodwin,1.3199999999999998
897,1.3199999999999998
5961c4ed-5c5b-40e4-b0ab-1e0217cb12c0,2.91
d3243667-8978-454b-917e-530ab514fcb0,2.27
2243528,-0.11699999999999999
693c9865-5633-40a1-bcb6-3f0dd68a41c4,1.3199999999999998
544344,1.69
2056,4.6
95219,3.01
579919,3.65
Ocean Tuna,1.96
262157542,1.303
46194,2.06
826273,1.943
951,3.65
911,3.01
9204971,1.1099999999999999
2230601,1.1099999999999999
10,1.96
Explorer,1.01
Diana Brandt,1.96
Brandi Bowen,1.01
Taylor Chan,1.3199999999999998
1a069318-6dc0-45d0-9948-7b846f61c201,1.96
79513661-4dbe-4797-a73a-e53177f7a4b3,0.37
Michele Henry,1.01
36295,2.7
a7a35f33-3e72-44f2-a51b-922e44da23bc,1.96
√¢¬Ä¬òartisanal√¢,-0.757
√¢¬Ä¬òsubsistence√¢,-0.757
Jeremiah Delacruz,1.01
√¢¬Ä¬òsquids,0.37
√¢¬Ä¬òclams,0.37
Octopus,1.96
60253,2.7
109746,2.06
13015105,1.1099999999999999
Ms. Jenna Gonzalez MD,2.27
37e46ce7-3cfa-4805-a254-5549adf19805,1.01
Scott Mays,1.3199999999999998
b4caf8cd-dbc7-4c99-9f2b-de407274c08b,0.37
38b72863-eaf3-4270-a213-d9ddaee2c6cb,0.37
410af01b-a5fb-4d6c-946d-a48fea30332b,1.3199999999999998
√¢¬Ä¬òSocioeconomic,1.96
553309,0.8329999999999999
EBSCOhost√¢¬Ä¬îsearched √¢¬Ä¬òoctopus,0.8329999999999999
AND fishery√¢,-0.11699999999999999
515270,0.8329999999999999
09e2222b-c13c-4a94-b1d9-b79238be0788,1.01
artisanal√¢,-0.11699999999999999
704,1.01
Elizabeth Savage,0.37
√¢¬Ä¬òoctopus√¢,-0.11699999999999999
√¢¬Ä¬òcephalopod√¢,-0.11699999999999999
cyanea√¢,-0.757
maya√¢,-0.757
Taylor Park,0.37
√¢¬Ä¬òpolvo√¢,-0.757
√¢¬Ä¬òlivelihood√¢,-0.757
Angela Wheeler,0.37
Lisa Branch,0.37
folk√¢,-0.757
√¢¬Ä¬òwomen√¢,0.19299999999999995
√¢¬Ä¬òfisher√¢,0.19299999999999995
management√¢,-0.11699999999999999
√¢¬Ä¬òo,-0.11699999999999999
Adam Blankenship,0.37
√¢¬Ä¬òpoulpe√¢,-0.757
Mr. Thomas Johnson DDS,0.37
scale√¢,-0.11699999999999999
Costa del Mar Oyj Hijiki,3.01
Miss Jessica Baker DVM,2.91
Alonso-Fern√É,1.3199999999999998
4b6a1701-93c3-403c-bd2f-9684106e8bba,2.91
c1aeee2d-0030-4d85-b45c-ac3fd9887b98,0.37
Bu yu wang Plc Carriers,1.01
Jeffrey Yates,1.96
42aea61e-a98f-4528-9f30-51624ecf3957,1.96
1334578,2.7
7670,0.0
43,2.06
conjunction,2.91
OE23,2.27
3601920,1.75
435978092,3.01
Andres Cook,1.01
22a2062d-03d8-48c3-9e91-9e5930b8d29f,1.01
Tyler Guzman,1.3199999999999998
ab195b55-453e-4436-ab0c-9f5660b4ec8c,1.01
Joseph Gonzales,0.37
Cindy Ritter,0.37
5441,-0.757
199442,-0.757
903,1.96
Erica Mitchell,1.96
829,0.37
995899,0.37
47249,0.37
23399545,0.37
621,2.02
europeansting,1.303
Jammu & Kashmir Ltd Family,1.303
7023,0.37
13863,1.5899999999999999
James Smith MD,1.96
Brian Palmer,1.01
35683821,1.69
Morgan Bell,1.96
1465792,3.6500000000000004
366,1.1099999999999999
19386200,1.5899999999999999
85946,1.1099999999999999
172114,1.1099999999999999
657,3.01
87339689,1.1099999999999999
522017227,0.563
29,0.37
327481624,1.96
cf651b3c-4e21-458c-91c4-3cae2eb36bcb,1.96
17c99d9d-7049-4ebb-8a2a-f3d39cc42870,1.96
760402,2.7
Sarah Clark,0.37
Water,1.96
737137552,2.06
77bfcfcd-af2c-4b58-8a99-871a6c6109f2,1.96
25875c2e-ff9a-4669-bad7-2c84bafb7515,0.37
Matthew Martin,1.3199999999999998
Tyler Brown,1.3199999999999998
11960055,2.06
ce0d446c-d08d-49a8-8aa2-e625ead63d0c,1.01
25423,2.7
Delhi ers AS Holdings,1.2029999999999998
Cape of Good Hope  Oyj,2.7
abcb0d9c-80da-4491-99f3-e093984f5373,1.96
Erin Simmons,1.01
LOM√É,2.7
6ae0d6bb-b101-4905-8b41-86b10a580c82,1.96
Kristina Frazier,2.27
Bryan Johnston,0.37
874124852,2.06
05ef2661-6f3a-4f37-83e7-2ec8352afaef,1.96
2ef60e7b-4914-4dbd-a063-5b23143fe5db,1.01
2633692,1.01
fc4e853f-6e18-4631-bf95-f70d6a30579f,1.96
6c7a8222-efc7-41a6-809a-043b091ae04a,1.96
Dale Warner,1.3199999999999998
451,1.9
705283b0-cdb7-4f0a-8481-b3fea243a8e5,1.96
30295c76-f2c6-4284-89fd-8f8fd082889b,0.37
States√¢,1.1099999999999999
Gulf,0.37
Boat,1.96
Teresa Rivera,1.3199999999999998
767368152,0.37
6d887b98-7c48-4a82-98bb-2f50fe4b29d5,1.3199999999999998
salmon,0.37
George Ramirez,0.37
4e872202-1d65-4183-80c9-e8c12c8f736e,1.96
4382,1.1099999999999999
7320771,2.7
94760735,1.1099999999999999
969,1.96
86dc0f8c-7305-4c1e-b655-cf16eefd6fce,2.27
8164acdd-514f-4e18-867c-4bc63cebf15b,0.37
Playa del Mar Caviar,1.1099999999999999
a7f76d84-4ccf-424a-9bf9-fc20b862b7a8,1.01
142,1.01
3183,1.3199999999999998
Estrella de la Costa Inc Transit,1.96
802113,0.64
372016989,-0.387
Alan Pacheco,1.3199999999999998
50335cc3-71d6-4803-baca-5faaecfc33cb,0.37
Virginia Carter,0.37
April James,1.3199999999999998
Aleut Community St,1.75
Kanuux√å,0.37
e8036bce-0679-41d2-aa7b-d444163ae65a,1.01
√¢¬Ä¬úSeward√¢¬Ä¬ôs Folly√¢,3.01
Wendy Duarte,1.3199999999999998
aa1f466d-d060-40fa-ab0e-3f8bb2ca940f,1.96
Alexis Murphy,1.3199999999999998
Ala√Ñ¬ùum Kanuux√å,1.1099999999999999
Angela Powers,0.37
Eric Gentry,3.2199999999999998
Donna Shepherd,3.2199999999999998
Zambezi Rapids NV Brothers,3.28
25652724,1.38
430,2.06
f402c1d2-8262-4bae-aa92-c8675a7006fc,1.96
49729,0.64
9209373,1.96
dff423b9-cf9a-4b0a-849f-ecb513924287,0.37
993137821,1.3199999999999998
2421,0.9929999999999999
7413,1.303
43185,0.37
937182447,1.303
√¢¬Ä¬úAla√Ñ¬ùum Kanuux√å,1.3199999999999998
861,0.74
Gary Scott,0.37
883290144,1.38
859375359,2.06
47967ccc-0e26-458d-b1e5-80e8668db714,1.96
7056336,2.27
36322,2.27
52,1.75
c9b9c344-98ec-40b8-af05-8528e5d82534,1.96
42603647,2.7
8544797,1.1099999999999999
5070599,1.75
8966,1.1099999999999999
39,1.1099999999999999
Plastic,1.01
927244,2.27
e53552bc-174b-4799-b96b-c23cfa0731cb,0.37
9166,1.3199999999999998
19,1.01
48,-0.757
Thomas Curry,1.01
87ea830d-be41-4317-8b1b-142f23da70d7,1.01
662118,1.3199999999999998
45,2.7
c14a3dc1-59d0-4b92-b9f3-331e51912787,2.91
17-Sep,3.01
Christopher Peterson,1.96
505943,0.74
Isaiah Hammond,0.37
Erica Bailey,1.3199999999999998
90183,2.33
79538,-0.11699999999999999
Kevin Norton,1.3199999999999998
Gregory Moore,2.27
43685541,0.0
7871,4.6
7247721,3.96
22,1.75
cefaf8b3-3aa2-4c59-b4aa-7974c8e1fe32,0.37
√¢¬Ä¬ògreen√¢,3.01
normal,2.91
ede1806c-b3d1-47f5-ba49-d948d6ec385a,0.37
36,3.01
52e9a600-9d6f-4683-95be-c7c60c57ffe1,2.27
Christina Olsen,2.91
Di√É,2.33
logo,2.06
Amy Wise,2.27
8609,1.75
40952,0.37
27641046,1.943
e167b40a-96f4-40e0-873b-78950e4434f4,1.96
324989705,1.1099999999999999
5415,1.1099999999999999
9473,2.06
52093e45-b873-4300-9612-8dfc291b1339,0.37
46aadaa6-fb30-4474-a060-3adb689f4189,2.27
8c53a730-3aa1-463f-aef6-999a3cfbfb70,2.27
528,3.01
Abigail Foster,1.01
Rybachit Limited Liability Company,1.01
Hunter Wheeler,1.96
Christopher Miller,0.37
ae88562c-5c39-4c15-b128-b4f67f5e5812,1.3199999999999998
ipoa-iuu,2.06
Think Tank Index Report√¢,2.7
upenn,2.06
edu,2.06
2ceda972-c633-4a88-bbe8-a4fe48cb5555,1.96
Torremolinos,0.37
International-Convention,0.37
imo,1.1099999999999999
890,2.7
√¢¬Ä¬úU,1.75
Senegal Coast Oyj Motorboat,2.33
762833,1.75
Spy,2.91
Howard Pierce,1.3199999999999998
228,1.96
63,1.01
84,-0.017000000000000015
22150,1.3199999999999998
Jill Boyd,2.27
Kristin Davidson,1.3199999999999998
Robert Carpenter,1.3199999999999998
Mario Richardson,0.37
√¢¬Ä¬úregions,1.3199999999999998
7529,2.7
90254947,1.75
591787,1.38
Joseph Johnson,1.96
Peter Oliver,1.01
√¢¬Ä¬úsink√¢,1.69
555217629,0.8329999999999999
Jeremy Jackson,0.37
Kelly Brown,1.01
Susan Porter,1.01
Meghan Wolfe,2.27
Zachary Petersen,0.37
Stephen Evans,1.96
Charles Tran,1.3199999999999998
23550059-88d4-4a69-b74e-3c7de8bf56de,2.91
Patricia Byrd,2.27
Ronald Mahoney,1.01
Playa de Coral GmbH Consultants,1.1099999999999999
Kirk Jackson,1.3199999999999998
√¢¬Ä¬údegraded√¢,1.38
Jeffrey Curry,1.3199999999999998
Steven Huynh,0.37
Evelyn Huang,0.37
√¢¬Ä¬ãpoint,1.3199999999999998
Bonnie Perez,1.3199999999999998
Courtney Evans,1.96
Mexico√¢¬Ä¬ôs Yucat√É,1.1099999999999999
Jerry Welch,0.37
1196cfc8-175c-465b-aee9-fbf74c81aa49,1.96
87,1.75
Ni√É¬±o,0.37
Judy Johns,0.37
Richard Greer,0.37
David Hayden,2.91
Matthew Delgado,1.3199999999999998
21e68e53-183c-45a0-9805-68c099d4d9c0,2.27
√¢¬Ä¬úpioneers√¢,1.1099999999999999
emba√É¬∫ba,1.01
√¢¬Ä¬úzombie,2.06
Kenneth Jones,0.37
√¢¬Ä¬úSwiss,3.8600000000000003
Elizabeth Dean,3.2199999999999998
Daniel Mason,0.37
Miss Angel Thomas,0.37
Amanda Mitchell,0.37
Scott Brown,0.37
days,1.3199999999999998
38111,2.06
Thomas Rivas,0.37
Holly Taylor,0.37
66030248,2.7
20571414,1.75
31894357,1.75
1225,0.37
363355,1.1099999999999999
387674,2.06
Alan Wells,1.3199999999999998
981038,0.37
√¢¬Ä¬úThese,0.37
Stephen Lowe,0.37
Nicholas Hernandez,1.3199999999999998
Stephanie Robinson,1.3199999999999998
e678510b-947d-455a-8eb0-44d1009682ec,1.96
The Pew Charitable Trusts√¢,3.6500000000000004
Jerry Montgomery,2.27
ad8fe467-3759-4f53-bf6a-896a237d187f,1.01
Leng 999 Gal,1.3199999999999998
1402,2.7
a0deebdf-db0c-4aa8-91b6-0536e017c20f,1.3199999999999998
25125567,1.96
Parker Jones,1.01
√¢¬Ä¬úCollecting,1.3199999999999998
33681303,-0.387
Michael Brock,1.01
2573803,3.01
56126935,3.6500000000000004
√¢¬Ä¬úcollaborative√¢,1.69
Xavier Sanchez,0.37
Raymond King,1.3199999999999998
Thomas Morales,0.37
138782226,0.253
Christopher Daniel,1.96
Linda Sherman,1.96
Mary Lucas,0.37
Morgan Black,0.37
Kristine Vaughn,1.96
1301719,3.01
Melissa Gonzales,1.01
496391,2.7
7539428,3.01
8afc9cb6-edf5-4a7d-9a02-054444a5604e,1.96
Crystal Smith,0.37
Richard Perkins,1.96
Amanda Gibson,1.3199999999999998
Christine Jones,1.96
Carlos White,0.37
28379,1.75
Christine Robinson,2.27
958085,1.1099999999999999
Diao er Ltd. Corporation Transport,1.38
Tshikwea Corp Marine sanctuary,1.01
5ede75fe-f670-4a59-b693-da34e7f6eb47,0.37
Robert Adams,1.96
Brandon Jackson,2.27
Sierra Smith,1.01
519994690,1.75
102642,1.3199999999999998
7908385,1.01
691192,2.06
243964,2.33
Turkish Sword Ltd Export,0.74
Jasmine Camacho,0.37
Lindsey Palmer,0.37
√¢¬Ä¬úespecially,0.37
Melissa Spence,1.3199999999999998
e13aca6a-88b5-4be7-a293-4a57854d7b1d,1.96
Jessica Brown,1.01
Daniel Snyder,0.37
441,4.6
Bethany Wright,1.96
Willie Hill,1.3199999999999998
Jennifer Meyers,1.96
Allison Leonard,1.01
√¢¬Ä¬ô√¢,1.1429999999999998
Amanda Andrews,0.37
Bruce Brooks,1.96
111795162,1.3199999999999998
482048,2.6399999999999997
70,0.74
√¢¬Ä¬úHe,2.27
7cc6bfba-4893-444b-a641-a7d0b48fa427,1.3199999999999998
56,1.38
621770,2.06
3016,2.33
98703,0.74
Misty Thomas,1.3199999999999998
314,3.01
567,1.38
990,1.38
341853,2.33
13592,1.1099999999999999
Dawn Sanchez,1.01
979893388,-0.757
Tammy Ryan,2.27
Timothy Lopez,2.91
Marine Mermaids CJSC Marine biology,1.69
David Larsen,3.8600000000000003
706129,1.96
14,2.7
4698,0.74
89734,1.38
Terry Murphy,0.37
491,1.75
3528,1.1099999999999999
43247945,2.06
e1d7b4ac-ed31-42a4-9375-4afb0f78f276,1.01
Mary Horton,1.01
cutter James,1.3199999999999998
Mr. Mark Kline,1.96
1da2bc5a-e590-41c9-9982-2ade48dfc426,0.37
842229565,3.6500000000000004
Dylan Roberts,1.96
Hang,0.37
41695239,1.1099999999999999
489,2.06
67a59fab-710a-4992-b6d0-d581fd9dceba,0.37
da75877e-ec57-42cc-82b9-de68c8d333e7,1.01
boat,0.37
Michelle Hancock,1.3199999999999998
Kathy Rodriguez,1.96
Gal√É,1.303
950296,1.01
Oceans,1.96
David Weber,2.27
7c54563c-577c-462f-8e30-389b510c776a,2.91
Morning,1.96
Jennifer Simmons,0.37
4759,1.1099999999999999
626,0.74
72899187-0989-47fa-9db0-cd1d4c3fc4e3,1.96
833355,2.06
27078926,0.37
2983,0.353
613281364,2.06
Dylan Moss,1.96
92,0.353
8597,1.3199999999999998
801809,2.06
Angela Spencer,1.3199999999999998
97,0.0
6889326,2.27
ec1b111d-b9eb-4eef-ab00-ff7124cca480,1.96
32416483,1.1099999999999999
f2aee915-d483-4823-a030-9aac5e44c1fe,1.96
ocean√¢¬Ä¬ôs,0.37
7328,2.7
OceanicOrigin Foods Co and Son's,2.06
71317,1.303
852015,3.01
65,3.01
58745,3.01
71755,1.3199999999999998
1972868,1.1099999999999999
61057213,2.7
653,2.06
473c1320-e50b-4f90-a068-76f82e210f26,1.96
Ola de la Costa S.A. de C.V.,0.37
24641639,2.06
678,2.7
6393,0.353
Margaret Shields,2.27
346281879,2.7
341,1.1099999999999999
1094345,1.5899999999999999
629,0.37
Brian Wolfe,0.37
119411,-0.387
8950,2.06
8041aa28-8c50-4083-a528-469c0c6251d9,1.96
Frank Guzman,1.3199999999999998
34f0cbbf-83c3-4e09-ad7a-b94a778f7c12,2.91
Michael Porter,0.37
Madison Edwards,2.91
Calvin Salas,0.37
√¢¬Ä¬úpresumed√¢,1.1099999999999999
√¢¬Ä¬úconfirmed√¢,0.37
685607,0.74
265494227,0.37
2a282617-d174-409c-b0b1-490fdc369335,1.96
xu y Ltd. Corporation,2.33
periods years,0.37
89035,0.64
Tristan Johnson,1.3199999999999998
Andrew Gamble,1.3199999999999998
21724,2.7
√¢¬Ä¬úhigh,1.01
√¢¬Ä¬úwidespread√¢,1.1099999999999999
David Mcfarland,0.37
√¢¬Ä¬òprotected√¢,2.06
30700925,2.6399999999999997
George Morton,1.3199999999999998
Janice Bell,0.37
Saturday,1.3199999999999998
a39483f8-121a-4c18-9b20-9e0d2cba52e9,1.96
58623386,1.1099999999999999
492238508,0.74
Anita Tate,1.96
4447143,1.69
Lisa Foster,2.27
34252,1.1099999999999999
8494294,3.01
Catch√¢,3.01
17,1.1099999999999999
150674265,2.06
Audrey Romero,1.96
Melinda Wade,1.3199999999999998
36b70b18-465a-442f-bfbe-cedb85d48acc,2.27
13,1.96
3887,1.3199999999999998
reefers,1.96
√¢¬Ä¬úencountered√¢,1.3199999999999998
Veronica Payne,0.37
Ronnie Burns,1.3199999999999998
Lisa Lambert,1.3199999999999998
1360,0.8329999999999999
Kimberly Lara,0.37
2ad4f7ea-6f93-4a11-ace7-d7a4234bb991,0.37
b24194ae-69ad-4e6c-be29-787c215cde65,2.27
Sara Jenkins,0.37
19a4297e-2d2b-47c0-9dce-816148a16f4e,0.37
Maru,1.96
Danielle Camacho,0.37
60693571,3.6500000000000004
54073418,3.01
Mr. Justin Bailey MD,1.3199999999999998
76568,0.37
c682ec16-cd10-4a6c-94ce-4a5eb590b42e,1.01
Paula Allen,1.01
13 years√¢,0.37
three,1.01
Christy Fields,1.3199999999999998
Michele Hernandez,0.37
Mary Castillo,0.37
Jennifer Brown,2.27
John Barnes DDS,0.37
830155,-0.017000000000000015
Anna Turner,1.3199999999999998
Stephanie Quinn,1.96
9590898,2.33
Joshua Garrett,0.37
95230042,2.06
21240092,1.1099999999999999
7234,2.7
6335187,1.96
695031,2.06
2508,1.1099999999999999
6391,0.37
Mary Jenkins,1.96
75835980,1.3199999999999998
23774,1.1099999999999999
Nicole Smith,1.96
9992346,2.7
227,1.1099999999999999
ocean,0.37
Jennifer Reilly,2.27
79,1.96
39893,2.06
47bd4f34-d0af-41f0-88c5-eb9d4fde440c,1.3199999999999998
3782,1.96
7441,0.37
Fisheries Animal Industries√¢,0.37
Donald Thompson,0.37
Cynthia Byrd,2.91
Christopher Hernandez,1.96
58666504,2.7
Jennifer Frederick,1.3199999999999998
70347729,3.6500000000000004
116070050,1.1099999999999999
b47086b0-e225-436a-83b1-2cf5cda4dbd5,1.3199999999999998
613465161,1.96
bottom,1.01
Michael Patton,1.3199999999999998
Kristin Jones,1.3199999999999998
884648,0.0
90,2.27
353149780,2.33
2913,1.75
693436,1.75
88a1fe65-33d9-487a-a3ac-d4208f41b754,1.3199999999999998
Jenna Barton,1.3199999999999998
67f3755e-7f86-40a1-ae17-998d50a3e772,3.8600000000000003
631919,3.2199999999999998
Stephen Gutierrez,2.27
Jessica Owens,1.96
John Hutchinson,1.3199999999999998
Daniel Wood,1.3199999999999998
√¢¬Ç¬¨7,1.3199999999999998
reefer,2.91
Fu Yuan Yu Leng 999,2.27
88e9e7e8-3edf-4fd4-959d-8ec4f53e59d6,2.27
8732,2.7
44396,1.1099999999999999
f7a4114d-d1ca-44df-a7e0-c72e440671ba,1.3199999999999998
6038,1.5899999999999999
Chinook,1.3199999999999998
6274,3.6500000000000004
f9f6fc72-83db-4c44-a818-dde6c33985f9,1.3199999999999998
6758207,0.0
abc12,1.303
40,1.01
615043,2.7
Robert Lewis,0.37
Margaret Nichols,1.3199999999999998
64124835,1.3199999999999998
767,0.253
Chris Grant,1.96
Angela Orr,1.3199999999999998
67909,2.7
e09b64a2-397a-4bec-96a1-7d61479fe37a,1.3199999999999998
1012,1.943
Katelyn Gibson,1.96
Kayla Reynolds,2.27
724,3.6500000000000004
824,2.33
William Williams,0.37
Vicki Owen,0.37
Alyssa Mccoy,1.3199999999999998
292bf7d9-d86c-411d-9a85-da0cb4535e22,1.01
c82d3e99-b297-484e-a28a-76cba8d515cc,1.3199999999999998
Scott Wright,0.37
854,2.06
2653581,2.91
John Conley,0.37
977,1.1099999999999999
James Hernandez,1.3199999999999998
1f899410-3447-48e7-bcb3-cbff10619e86,2.91
39048624,2.7
river,1.3199999999999998
Rhonda Johnson,1.01
54,2.27
1853970,2.06
87648111,1.1099999999999999
Barbara Mccarty,1.3199999999999998
Christopher Simon,1.3199999999999998
Lauren Jackson DDS,0.37
√Ø¬¨¬Åshes,1.3199999999999998
√Ø¬¨¬Åsh,0.37
Darren Wilson,1.96
Andrew Miller,0.37
Erica Cisneros,1.01
440994840,1.01
Heather Hill,0.37
Krystal Lee,2.27
42258,3.6500000000000004
506986590,2.7
7321,1.1099999999999999
647724,3.01
272735814,3.6500000000000004
Wesley Woods,1.3199999999999998
Dry Creek Marine sanctuary,2.33
1214936,2.06
2751,1.3199999999999998
Marvin White,1.3199999999999998
Philip Black,1.96
Laurie Clark,2.27
7548555,2.33
ARA Contraalmirante Cordero,1.3199999999999998
Keith Webb,0.37
54217974,-0.11699999999999999
38,0.33599999999999997
Elijah Gordon,0.37
71352,2.06
60806,0.37
259e9338-b33e-4dc7-843a-96a720d22d9b,0.37
461553,1.1099999999999999
538991,1.1099999999999999
71,0.353
Rebecca Fox,2.91
expect year,1.3199999999999998
Charles OJSC Marine conservation,2.7
shrimper,2.27
Caracola Azul Limited Liability Company,2.7
Brandy Williams,1.3199999999999998
d6968538-6f18-4a1c-a4e2-59de3c0e25c2,1.96
coastguard,1.3199999999999998
Viento y Mar BV,1.1099999999999999
Robert Vega,1.3199999999999998
James Sampson,1.96
Debra Hebert,2.27
135024,2.7
38844,0.74
John Frederick,1.3199999999999998
Allison Rodgers,1.96
759,2.06
0ae94787-4593-4139-848d-9174ea13ac23,1.3199999999999998
OceanFront Foods Co Beach,1.943
19186817,1.01
2748013,1.3199999999999998
23636990,1.1099999999999999
996,2.06
81661977,2.7
metric,0.37
24189,2.33
216,1.75
Frederick Hunter,0.37
9977227,1.1099999999999999
64365043,1.943
06c161ac-e601-493f-b8df-839382e16a74,2.91
458785,2.27
e5e2e269-ccc5-4e16-88a8-e909c1fa32db,1.96
42,0.353
4258240,1.96
Julie Parks,1.96
891,1.5899999999999999
a96730cc-485e-46be-aba4-339442bacd8d,1.01
USCGC,1.3199999999999998
Kristi Weeks,1.3199999999999998
DDG,1.3199999999999998
USS,1.96
USS Hurricane,2.91
PC,0.37
Brandi White,0.37
Tara Hanson,1.96
Wesley Vasquez,1.3199999999999998
16,1.48
Rebecca Adams,1.3199999999999998
29481,1.01
Briana Johnson,0.37
6126134,2.7
595038316,1.1099999999999999
673431,1.1099999999999999
73704,1.38
6780,-0.757
Mr. Joseph Johnson,1.3199999999999998
7480,2.91
Marie Lee,1.3199999999999998
4769248,2.7
3015,1.1099999999999999
2679,1.01
97836b65-db6a-43bf-9467-cf57d84645ff,1.96
Douglas Gillespie,1.3199999999999998
√¢¬Ä¬údisaster√¢,2.06
Jonathan Garner,1.3199999999999998
Amanda Contreras,1.3199999999999998
Long Xing 629,1.96
Bryan Hill,1.01
58db776e-40f1-4e68-b13d-dcc42416ce58,1.3199999999999998
Anthony Le,1.96
Jo Francis,0.37
Stephanie Thompson,1.3199999999999998
Michael Baker,1.3199999999999998
868,2.7
99985383,1.1099999999999999
298,2.06
Michael Wagner,1.96
Susan Hodges,1.3199999999999998
Michael Chen,0.37
Jennifer Thompson,1.96
Sabrina Zamora,1.3199999999999998
Hannah Chandler,1.96
Deckhands,1.96
Bruce Bates,0.37
Kimberly Lopez,0.37
Teresa Jackson,0.37
√¢¬Ä¬úWe fins,1.3199999999999998
ecf18ac9-a773-43a0-98c8-cdd264565b2f,1.96
46,1.01
65fea097-e838-4be6-9889-83f5361fe777,1.3199999999999998
Ann Nelson,0.37
Robert Nguyen,1.01
dec69ea4-1c0c-4b31-b6fe-7d0c7e4b8fd9,1.3199999999999998
Dr. Michelle Dominguez,1.01
Charles Hart,0.37
Tian,0.37
Patricia Bowen,0.37
Paul Holloway,2.27
Maria Russell,1.3199999999999998
Justin Rodriguez,0.37
Carl Lopez,0.37
Mar del Norte Ferry,2.06
122245,0.253
4946,1.1099999999999999
Gabriela Graham,0.37
Joseph Newman,1.96
Danielle Valdez,0.37
Susan Williamson,1.01
Lauren Reynolds,0.37
91,1.96
20,1.96
74211169,2.2529999999999997
Romero Oyster NV Carriers,1.75
James Hall,1.3199999999999998
3553,3.6500000000000004
72875,1.96
Coast Guard Cutter Edgar Culbertson,1.3199999999999998
Heidi Kline,1.96
863749817,1.69
475,0.74
567217,1.38
Oliver,1.01
Amanda Becker,0.37
160,-0.11699999999999999
Nicholas Dennis,1.3199999999999998
938816,1.75
√∞¬ü¬í¬™√∞¬ü¬™,1.1099999999999999
5469,2.06
4679,3.6500000000000004
Cape Verde Islands Oyj,3.01
Andre Phillips,2.91
USCG√¢¬Ä¬ôs,1.96
CutterOliverHenry,2.27
Scott Solis,2.27
Jonathan Spence,2.27
11,2.7
Tanner Smith,1.96
Emily Bailey,1.01
30041,0.37
468511,1.1099999999999999
86,2.06
Ann Flowers,2.27
60774,1.75
47,0.37
Michael Bullock,1.3199999999999998
Michelle Singh,1.3199999999999998
SSN,1.3199999999999998
Tyler Palmer,2.27
HMAS,2.91
dec44f58-94b0-4070-bfb3-1e13ef308ec3,1.96
Chad Nichols,1.3199999999999998
2114,2.7
34020206,2.7
Fin Flair Pic Delivery,2.06
Scott Wallace,0.37
Tony Patterson,1.01
Sampath,2.7
683962,2.06
Anna Johnson,1.96
95c715ba-891e-4472-8e2a-4e746dcc266a,1.3199999999999998
Anna Smith,0.37
760219951,2.7
36744944,1.01
734121719,2.06
Kathleen Gates,1.3199999999999998
6b58646e-1d3a-4b72-b8a0-9f57c296d73d,1.96
9357541,2.7
William Atkinson,1.3199999999999998
Lisa Payne,0.37
87278,2.06
Christine Chaney,1.96
8226730,1.5899999999999999
5b199218-6513-430b-8e56-8aa1d83456a3,1.01
Mr. Jose King,1.3199999999999998
Thomas Adams,0.37
75,2.7
Kimberly Olson,1.3199999999999998
911243414,2.33
9280,2.27
cc6cf3e0-5794-4497-a31d-79b4db1b55a9,1.96
Ryan Garrett,1.01
408119,0.64
Gary Butler,1.01
Gary Smith,1.01
Denise Diaz,0.37
6ead18ca-3084-4f8e-9c1e-a5e470fc5935,0.37
48259,0.0
b636c0f8-2ddf-42ad-9f9c-73bd48682561,1.3199999999999998
United States√¢,1.75
55301,2.33
Elaine Duncan,0.37
Game Thief√¢,1.69
604905,1.96
784221,1.01
ae19b5a7-4f70-4366-98ad-819e3009aeca,0.37
d4947401-8ec7-48b9-a66f-45d983d59e0a,1.96
Dennis Little,1.3199999999999998
√¢¬Ä¬útransshipment√¢,1.1099999999999999
Brooke Garza,0.37
Feng,1.3199999999999998
82462633,2.33
Carrie Elliott,0.37
5235138,1.303
Breanna Ward,2.91
Donna Webb,1.01
summer,1.01
Tracy Smith,1.3199999999999998
Kimberly Petersen,1.01
Robert Schaefer,2.27
Samuel Stokes,1.01
Timothy Hernandez,1.3199999999999998
5680682,-0.387
47234884,0.37
Marcus English,2.27
Meghan Kim,2.27
David Nunez MD,0.37
30,1.01
Thomas Diaz,0.37
Hannah Taylor,0.37
Joanna Brown,0.37
307,3.6500000000000004
Monique Rios,0.37
years√¢¬Ä¬îthat,2.27
950574,1.01
Pacific Island States United States√¢,-0.017000000000000015
territory American Samoa,1.303
62d4bdbc-8978-4cbf-b9ea-82aaa9188c91,0.37
900,2.06
Coastal Crusaders Kga Worldwide,1.69
Luis Douglas,1.96
Seashell Sanctum SRL Transport,0.74
Fernando Steele,1.96
David Tucker,2.27
Tiao piao AG Delivery,0.0
e39609a3-b437-41c2-b114-e21dc69a9bb1,1.96
√¢¬Ä¬úeared seals√¢,0.64
Robert Mcintosh,1.01
Amber Sharp,0.37
James Anderson,1.3199999999999998
497,1.3199999999999998
7892,0.353
8513,3.01
1415,3.01
3433,1.75
Kara Sullivan,1.3199999999999998
Teresa Gardner,1.96
Trevor Brown,0.37
Kimberly Roberts,1.3199999999999998
Ricky Holland,1.96
Lydia Day,0.37
√¢¬Ä¬úit,0.37
Nichole Kline,1.3199999999999998
Ryan Rich,1.3199999999999998
650749,2.33
Shawna Welch,1.96
Zachary Jordan,0.37
holes√¢,2.06
89526932,1.943
√¢¬Ä¬úfirst,0.37
26978247,2.06
nigeria,2.27
boat√¢¬Ä¬ôs,1.3199999999999998
53792,0.74
c66f5cd5-3891-43ce-a3f8-0147b3d643b1,1.96
032522db-8105-4c26-8142-ae9d5806f7c5,1.3199999999999998
Mrs. Melinda Richardson,0.37
Frederick Harris,1.96
30141220,0.0
90192265,0.95
Natalie Gill,2.27
23f52980-e4f4-43da-ac02-9c1eef637751,1.01
245658,3.6500000000000004
552027385,1.75
Brian Stevens,1.96
√¢¬Ä¬úconservative√¢,3.01
e4e5b1ca-e210-4d3f-8cea-fa5c2309340f,1.96
ce06b4c4-dd19-485d-ad52-f7cd953db1c2,0.37
d2589980-b0c7-4c36-8ddf-8afe554853ea,1.3199999999999998
Robin Fernandez,1.3199999999999998
week,1.01
Diana Kelley,1.3199999999999998
Angela Wright,2.27
Miranda Small,1.3199999999999998
Stacey Ortega,1.3199999999999998
FV,1.96
Gary Crawford PhD,1.01
FV Snake,1.01
FV Viking,0.37
FV Thunder,0.37
Aquaculture√¢,1.3199999999999998
Paul Parker,0.37
4877,1.3199999999999998
√¢¬Ä¬údiscrimination√¢,4.2299999999999995
Jessica Gibson,3.2199999999999998
da7677f8-d1f0-4e35-afe9-4240613e866b,1.96
48115,0.95
Rhonda Sullivan,2.91
Adam Gutierrez,2.91
Gregory Carter,0.37
Martin Bryant,1.3199999999999998
555,2.7
903311212,-0.757
683113035,2.7
th,2.7
Bruce Spears,1.3199999999999998
Itaqua√É,0.64
1710a32e-7a58-4d7f-9c5e-bf897b7419a3,1.01
Sherry Richmond,1.3199999999999998
Daniel Shaffer,1.3199999999999998
Sierra Vincent,1.3199999999999998
Margaret Ward,1.01
Wendy Crane,1.01
Richard Bowers,1.96
Joshua Hammond,1.3199999999999998
Samuel Cross,0.37
√¢¬Ä¬úAs,1.01
47698,3.2800000000000002
DECEUNINCK,2.06
Kristi Ryan,0.37
199,0.74
23990411,1.38
10880329,2.7
Rhonda Price,2.27
45ff391d-0f6a-4ee4-abe6-8b06d07dbfd6,2.27
e941d006-6590-4143-9d0d-12926b0b6f5c,1.96
Tyler Blanchard,1.3199999999999998
Shawn Cook,1.96
ce2247ab-4922-420f-8d42-504c4ddda305,0.37
Susan Montoya,1.3199999999999998
William James,0.37
e0cdfc51-7473-481d-8900-03f66d6e359e,2.27
Ricardo Gomez,0.37
75471,1.38
14 months,0.37
82408558,1.1099999999999999
f6cca381-c55e-44cc-b685-6c4139459b96,1.3199999999999998
f94bcae5-b023-48f6-a0d5-ff2f01cc00ed,0.37
√¢¬Ä¬úcatch,2.91
√¢¬Ä¬útotal,1.3199999999999998
Manipur Market AG Consultants,2.33
√¢¬Ä¬úMoby-Dick√¢,3.01
04eab3c4-ed99-467b-8844-b5279a6b955e,1.96
5312744,2.7
Amanda Santana,0.37
Dana Macias,1.3199999999999998
Helen Chase,1.3199999999999998
Candace Burnett,0.37
34153143,0.74
√¢¬Ä¬ùTheoretically,1.1099999999999999
Jonathan Torres,0.37
Gary Dunn,1.3199999999999998
721436,1.38
Brittany Frey,1.3199999999999998
Brett Williams,0.37
Seafreeze Ltd,2.33
36033030,1.38
Todd Lane,0.37
Alicia Lee,1.01
8112222,2.06
19471,0.0
Linda Holden,1.01
Donna Romero,1.3199999999999998
Amanda Garcia,1.3199999999999998
Shona Barracuda AB Worldwide,3.6500000000000004
415053,2.7
√¢¬Ä¬úBHF√¢,1.1099999999999999
Olivia Bradshaw,1.96
461541,1.38
√¢¬Ä¬úProPublica√¢,1.69
√¢¬Ä¬úyesterday√¢,2.7
√¢¬Ä¬úlast week,0.37
√¢¬Ä¬úPortland√¢,2.06
watercraft,1.3199999999999998
Bradley Murphy,1.96
Madison Franklin,0.37
Rapido beam,0.37
Mary Montoya,1.3199999999999998
Rapido beam trawler,0.37
ordinary,0.37
Kari Zavala,1.01
91a2a8e6-f56f-4663-8be9-0bbfd5440489,0.37
40cfcd88-fceb-49bd-a71a-053aacddad42,0.37
cb537677-9d82-4d58-8066-899bdc51c4f1,1.3199999999999998
4√¢¬Ä¬â√É¬ó√¢¬Ä¬â15√¢,2.7
√¢¬Ä¬â60,1.1099999999999999
diesel,0.37
bottom otter trawler,1.96
2820033,2.33
1559,2.06
495035052,1.75
25,1.75
96,2.2199999999999998
60910422,1.1099999999999999
285351,2.06
75399,1.3199999999999998
da91eeb8-11f7-4634-95e7-f9413e9957aa,0.37
720,0.37
fdcbe098-dbe6-4e52-8bd7-96cf3ae30101,1.3199999999999998
779,3.6500000000000004
2673,1.1099999999999999
6185842,3.01
762165,0.74
428,3.6500000000000004
4962642,0.64
93,0.74
Olivia Bailey,0.37
ffc679cd-57ac-4846-b023-8be73ca754fa,1.01
Flodstr√É,3.6500000000000004
700,1.943
941899076,-0.017000000000000015
520,0.353
85,1.303
9636,1.943
449,2.7
√¢¬Ä¬úcarding√¢,2.06
Tyler Flores,1.3199999999999998
Michelle,1.96
2466,1.303
72212757,1.96
449820,2.06
6406914,1.75
Madeline Collins,1.3199999999999998
76609426,2.06
Mrs. Jessica Meyer,1.3199999999999998
√¢¬Ä¬úMoreover,2.27
Darren Torres,2.91
Brittany Brewer,1.3199999999999998
8651344,1.3199999999999998
Daniel Roberts,0.37
85b8a8cf-7f07-4bab-8b44-1d79940aab8d,1.96
933754160,1.3199999999999998
Tyler Turner,1.3199999999999998
allAfrica,3.01
933c4581-7ecc-4377-995c-7a200fee617b,2.27
√Ç¬£9,3.01
Melinda Bentley,1.3199999999999998
41713,3.6500000000000004
900338,3.6500000000000004
665912557,1.1099999999999999
1341798,4.6
23299,3.96
Danielle Perry,1.3199999999999998
Paula King,1.3199999999999998
Laurie Mclaughlin,1.3199999999999998
Melinda Williams,2.27
614,2.91
802775,1.96
5688339,3.01
morning√¢¬Ä¬ôs,1.3199999999999998
Anna Thomas MD,1.3199999999999998
Michele Black,1.96
3857345,1.5899999999999999
Ms. Brittany Murray,1.3199999999999998
Matthew White,1.3199999999999998
√Ç¬£800,0.74
Tonya Key,2.27
Sara Waller,1.3199999999999998
99233,0.74
Daniel Middleton,0.37
813be272-d3de-43c9-90be-ab14231fcf17,1.01
√¢¬Ä¬úSay,1.3199999999999998
Stacey Ortiz,1.3199999999999998
Scott Simpson,0.37
Loretta Harrington,1.3199999999999998
203,2.7
99661834,1.303
9838,2.7
848165,2.06
612,1.1099999999999999
379284134,2.06
55394387,0.74
Boston,1.96
Matthew Pennington,2.91
vessel√¢¬Ä¬ôs,2.27
water√¢¬Ä¬ôs,2.27
950ce1a6-a178-4e3e-9316-91ab7ca88664,2.27
Hannah Brown,0.37
Bobby Walker,1.96
221942,1.96
0d1c7ce3-7243-47c0-9280-a3262b52dc0f,0.37
634ac4e7-12af-494f-95f5-cd853363525f,1.96
945632766,3.01
HMS Montrose,1.3199999999999998
80737369,0.64
Montrose,2.27
112156579,3.65
64338295,1.3199999999999998
81,0.95
73921,2.06
Khundu Ltd. Liability Co,2.06
327277616,2.7
637608,0.95
Benjamin Barton,1.96
5337,0.37
6980,0.64
f85f009e-0fa0-403a-845e-64198883bf34,1.96
4562fe84-0188-47fd-8e27-67380da0079c,1.3199999999999998
Stephanie Brown,1.96
33118036,0.74
88813246,1.69
5383294,2.06
9238420,2.7
70109,1.96
underwater,1.96
water√¢,2.06
Mrs. Katrina Williams,1.3199999999999998
73166320,2.06
dbb07e32-a8f4-47d0-ae61-c2e9774e9284,0.37
13249468,2.7
Aine,1.3199999999999998
Anthony Gomez,1.3199999999999998
Debbie Kelley,1.96
Eric Hanson,1.3199999999999998
Joshua Haynes,3.8600000000000003
682313,1.943
300,2.91
Krystal Foster,1.96
Roger Smith,1.3199999999999998
37992687,1.96
nationalfisherman,1.303
intrafish,3.01
303934,1.5899999999999999
choicesmagazine,2.06
58877070,1.75
usa,1.1099999999999999
oceana,1.1099999999999999
Blake Smith,1.96
42990314,1.1099999999999999
1338687,2.7
507684,1.1099999999999999
ams.usda,2.06
1765605,3.6500000000000004
√¢¬Ä¬úinitially√¢,2.06
SIMPComplianceGuide,1.3199999999999998
Cutters,1.3199999999999998
√¢¬Ä¬úpoached√¢,3.6500000000000004
Stacy Castillo,1.3199999999999998
34757443,1.38
Matthew Mack,1.96
David Wilson,1.3199999999999998
f205ff1a-8798-48b7-b535-ad87b9756220,0.37
1a2ebb93-1c85-4f40-abb1-cff639788678,0.37
√¢¬Ä¬úAccept All√¢,1.1099999999999999
krxd,2.06
Zachary Blackburn,0.37
operated vehicle,1.3199999999999998
James Berry,1.3199999999999998
Robert Goodman,2.91
Snow Crab,2.27
Mary Durham,1.96
Anna Kelly,2.91
Clifford Sherman,2.27
Carol Wade,1.3199999999999998
1576352,0.9329999999999999
59600,1.96
Greenwich,2.27
HMS Medway,1.3199999999999998
1dfb2440-85dc-4f0c-914f-e18498e6cd1b,0.37
Makayla Anderson,0.37
92a375a3-0c31-494e-9a56-eeabe3750d90,1.3199999999999998
Kevin Moreno,1.3199999999999998
34285153,2.33
Talley√¢¬Ä¬ôs,0.37
Brittany Ryan,1.3199999999999998
Dana Knapp,1.3199999999999998
Jeanette Kim,2.27
95743666,3.6500000000000004
86117,2.06
94361818,-0.387
40974,1.38
Diao yu bi sai Tidal BV Export,2.33
Patricia Flores,1.3199999999999998
74505,2.33
Joshua Roberts,0.37
Denise Moore,1.3199999999999998
√¢¬Ä¬úseamount√¢,2.06
Lisa Castaneda,1.3199999999999998
Christina Abbott,1.96
4657860,1.1099999999999999
519443204,1.96
3394552,0.353
618,3.01
Brittany Kane,1.96
Mars√¢,0.37
bd16ff21-2da0-4ad7-8aec-d04a28b61277,1.3199999999999998
past year√¢¬Ä¬ôs,0.37
whales,1.96
Michelle Campbell,2.27
39995740,1.01
Lauren Garner,1.3199999999999998
Zachary Mclean,2.91
Anthony Mendez,2.27
806,2.7
Hubble,2.91
event,2.27
Launch Lovers√¢,1.1099999999999999
cd2685a2-fce5-49ee-8ca7-b9faa081d190,1.01
LC,0.37
Spaceflight,1.96
e95a9547-3611-4e86-adbe-9aa55dbff21f,1.3199999999999998
6107715,1.1099999999999999
2610,3.01
HawkEye,2.91
Jordan Mcbride,1.3199999999999998
7575,2.6399999999999997
d5cbeea1-73ac-4d86-adeb-b609629b12bf,0.37
416dab02-bf67-48af-a99b-c691339dc5e0,1.96
25a765f4-b6d0-4588-9a7a-0798de847cfd,1.01
0a715a76-de97-4cc3-80a3-4dcbfa740079,1.3199999999999998
Madhya Pradesh Market Pic Transportation,1.96
Manned,0.37
Aerial,1.3199999999999998
34731154,1.1099999999999999
970786,1.01
Christian Ashley,1.01
8967466,1.5899999999999999
Benjamin Snyder,0.37
b3de0895-285e-4ea8-99bb-ffdc763f7038,0.37
a8330af0-375f-4fcb-9171-9628b26b1808,1.3199999999999998
3308429,1.69
Adam Cook,2.27
Wendy Miller,2.91
Abrams MIA2,1.96
abb62f7c-234a-46d7-b3bb-8f7b4771618c,1.01
Tank,1.01
Kelly James,0.37
MBTs,1.3199999999999998
418382,1.01
16927047,0.37
6471708,0.37
520673,1.3199999999999998
1252007,1.96
6c348030-e9d4-4ddc-8ec8-30ac227c6a14,1.01
565431,0.37
Lisa Rocha,1.96
Danielle Sosa,1.96
James Carr,0.37
Daniel Burton,0.37
Jerry Miller,1.01
15758645,2.7
Dakota Flores,1.01
204,0.74
US Special Operations SOF,1.01
7490484,0.37
Kari Padilla,0.37
Angela Navarro,1.01
√¢¬Ä¬úaccelerate,0.37
327979,0.37
414,0.37
28422,0.37
428949,1.96
838200939,0.37
√¢¬Ä¬úbosses√¢,0.74
Levi Jones,0.37
Adriana Rhodes,1.3199999999999998
Kevin Moore,1.01
Debra Davis,1.3199999999999998
Jennifer Washington,1.96
Peter Bush,0.37
61,1.1099999999999999
908,1.1099999999999999
2278,2.06
3731,2.06
Sabrina Merritt,1.01
Justin Fowler,2.27
120,0.563
2422788,1.1099999999999999
MCDP,2.06
c97073d1-61a4-4a06-a189-8b4642a699e1,0.37
66,1.01
65872b93-db53-4445-a72e-8f84b3d7edfc,1.96
today√¢¬Ä¬ôs,1.01
268393514,1.75
55242,1.1099999999999999
637,2.06
Maria Horton,0.37
Maurice Figueroa,1.3199999999999998
Ships,1.01
9697,2.06
620019,2.7
45361487,1.1099999999999999
408603,2.6399999999999997
Vehicle Land,1.01
Heather King,1.96
Billy Robinson,0.37
Austin Miller,1.3199999999999998
369,-0.11699999999999999
6204,0.74
96c31987-d50d-4680-9397-2a9d0e3946e1,1.96
sailboat Freeport,1.3199999999999998
c0ea9f29-9987-490f-bc96-d2a5718c1636,3.8600000000000003
949,3.2199999999999998
Perch,2.27
576618,-0.017000000000000015
82357,1.96
Ariel Thornton,1.96
driftnets,1.3199999999999998
500633954,1.1099999999999999
62343,2.06
688224,2.06
George Vance,1.01
Jason Fleming,1.96
√¢¬Ä¬údimersal√¢,0.0
c600d751-cc48-4e8e-800e-63ec87a4239f,1.3199999999999998
Cynthia Huff,1.96
Angela Lee,0.37
78ec7fd4-82e0-4725-815d-50be0ccee955,1.3199999999999998
Craft√¢¬Ä¬ìLaw,1.01
Ocean Patrol,0.37
ARA Bouchard,1.3199999999999998
Richard Douglas,1.01
Patricia Reyes,2.91
Kristin Dawson,0.37
√¢¬Ä¬òAwacha√¢,1.3199999999999998
Brandon Hughes,2.27
√¢¬Ä¬úSaiko√¢,1.69
Bethany Lopez,2.27
electric,0.37
wheeler,0.37
570683,2.06
4532329,2.7
98631,2.06
2658,1.1099999999999999
5698,2.7
3342,0.74
354,1.69
945,1.1099999999999999
Months,1.3199999999999998
Tamil Nadu Ltd. Liability Co Express,1.75
√¢¬Ä¬úElqui√¢,1.3199999999999998
738338ba-deef-4364-bedf-707a8cbf9a55,0.37
Monica Ramirez,0.37
280094,2.33
40676,2.33
Tracie Price,1.3199999999999998
David Limited Liability Company,2.6399999999999997
1998,2.33
669,3.65
Elizabeth Anderson,1.3199999999999998
903574229,1.69
Kenneth Cain,0.37
Carla Perkins,0.37
Lindsey Conway,2.27
95064,1.1099999999999999
Ryan Perez,0.37
dd3f2822-2964-4d18-92c2-7a6db4b4a9e5,1.3199999999999998
6567453,2.06
47261702,2.06
730397695,1.96
4086,2.06
Wartsila,2.27
373a8a11-c7a0-4e9b-8397-9d824974259a,1.96
a0ea93dc-6767-4682-b424-21b5a24ea24b,1.3199999999999998
bulker,0.37
Kariba Dam  Corporation Nautical,0.74
Benton Ltd. Liability Co,0.19299999999999995
ninety,0.37
822596165,1.75
5421,1.01
Pez Dorado BV Logistics,1.75
019d89a8-36be-4402-bf3c-d13cb982cf3f,1.01
6f59e8d7-8f5d-4a7d-a3a4-50ddcb7ad9ad,1.01
Traci Shields,1.96
Daniel Henderson,2.91
Joseph Smith,1.3199999999999998
Dr. Gregory Rice,0.37
Breanna Welch DDS,1.3199999999999998
Jared Martinez,1.3199999999999998
Darin Torres,1.96
Tracy Rogers,1.96
Kevin Morris,0.37
The Salty Pearl River S.p.A. Export,0.0
3051e013-9e40-44cc-98e5-740e3238daaa,1.01
9237588,0.0
cdc89aad-5d8c-48bf-b155-81d2a932782b,1.96
William Murray,1.01
af9758b0-e4f9-4e08-8dd9-09abc903e4b5,1.01
4183208,1.3199999999999998
Punjab Market Marine sanctuary ship,0.0
Robert Edwards,1.3199999999999998
322202416,2.33
5025f249-0b3c-4741-a7aa-090d93395acf,2.27
969368807,1.75
80276549,2.06
89,2.7
35282,1.1099999999999999
813,0.74
62,3.6500000000000004
44326992,3.01
1416a29d-3719-45d6-95a8-782c4e281908,1.3199999999999998
Hunt,1.96
0efa50f3-533d-4775-94fa-54cd1c480587,1.96
fd6c1e03-d6f4-421e-a493-cdc56ae000b5,1.01
869422192,0.37
542341,1.2029999999999998
93252,0.74
4627,1.1099999999999999
1719,2.7
Jennifer Parsons,0.37
8876768,1.943
444,2.06
Denise Vance,1.96
Zachary Perez,1.96
Craig Santiago,0.37
6460,1.69
64778548,3.6500000000000004
493641959,1.1099999999999999
8980454,1.69
Jessica Costa,2.27
Erica Hamilton,1.3199999999999998
Sandra Martinez,1.3199999999999998
Austin Welch,1.3199999999999998
6659,2.33
464454263,1.69
Shipping Corp,3.01
534,3.65
4942,2.33
884332,3.65
982519647,2.7
1354,2.06
923825740,1.69
5865,3.01
Malawi Rift  Holdings Navigation,3.65
Baha de Coral OJSC Marine,2.7
Navigation Corp,2.06
Triton Navigation Corp,1.69
Pontus Navigation Corp,1.69
John Jensen,2.91
Michael Frederick,2.27
401289940,3.28
54726,3.65
52193,2.06
Laura Joseph,1.96
697844686,1.1099999999999999
1555,3.65
3669166,2.06
483398,3.01
111274e2-c155-4640-9a8e-f506f3fbca06,1.96
7657424,1.01
2234557,1.96
7125,1.943
Jorge Davidson,1.3199999999999998
Ruben Fowler,0.37
John Riley,2.27
256659459,1.3199999999999998
2357762,-0.017000000000000015
Andrew Graves,1.96
Mathew Taylor,1.01
aac2c35c-d06d-45df-a1f8-a0c4001f3897,1.3199999999999998
√¢¬Ä¬úHSI√¢,0.64
√¢¬Ä¬úNYPD√¢,0.0
Daniel Obrien,1.3199999999999998
Jeffrey Hall,0.37
√¢¬Ä¬úbe,1.96
8bdf21e8-914b-4fe2-9280-0a69b9b0175d,1.3199999999999998
18 wheelers,1.3199999999999998
Michael Vazquez,1.3199999999999998
Sara Fleming,1.01
1625166,0.64
a325b223-5017-42a8-8eb1-ed7e1a3bbd5b,0.37
49101570,0.37
Robert Garcia,1.3199999999999998
6b19fec0-f5d4-4d31-b461-fef270debb3e,0.37
Brett Lopez,1.3199999999999998
42978392,2.91
62d39460-2980-4835-91ea-47073f724d3b,1.3199999999999998
74390fc5-8dc6-4511-a0a8-bc360409b805,2.91
Heather Porter,1.3199999999999998
Kevin Liu,1.96
Katrina Nguyen,1.3199999999999998
0fab17df-2c08-46b6-8ce9-b13b3a60ff3d,1.3199999999999998
James Horton,0.37
Brian Hansen,1.3199999999999998
Rajasthan GmbH & Co. KG,0.64
858,0.74
Rebecca Caldwell,1.96
Alyssa Gonzalez,0.37
Michelle Jackson,1.3199999999999998
27d0dfe7-186c-4016-8f47-40c71e30f48a,2.27
871,1.75
James Scott,0.37
Krista Harris,0.37
√¢¬Ä¬úeverything,1.3199999999999998
76030,3.2800000000000002
William Gray,0.37
containers,1.01
9098,1.1099999999999999
Michael Reed,1.3199999999999998
17592,1.01
5d1f2e9c-f74a-41e9-974f-9b4e57edc9d7,1.01
Katherine Chavez,1.3199999999999998
Nutica del Sol AG,0.37
Stephen Marks,1.3199999999999998
8b8c532f-0ca0-44cc-898c-1d776f2f457a,1.96
James Stewart,0.37
1968776,0.74
288971672,1.3199999999999998
Anthony Larson,1.96
845,1.69
382825160,0.0
Laura Hughes,1.3199999999999998
Amanda Dean,1.3199999999999998
Debra Hall,1.96
Kelsey Tucker,1.3199999999999998
460859346,1.01
2793,1.303
Martin Bell,2.27
Michelle Long,2.91
√¢¬Ä¬úlaughable√¢,2.7
8325,1.573
437212,2.06
299,-0.017000000000000015
Jennifer Barber,1.01
Ryan Hudson,1.01
James Calhoun,1.01
Harold Strickland,1.96
John Hall,1.96
Christine Maxwell,1.01
Ashley Lewis,1.01
Sandra Bullock,1.01
82f2f404-439a-4b2e-b423-726a7f933abf,0.37
298930,0.0
Mark Garcia,0.37
f59ca3ce-7fea-4a6b-893b-486565a8ab18,0.37
√¢¬Ä¬útoppy√¢,0.0
√¢¬Ä¬ústag√¢,0.95
Samuel Dunn,1.01
John Avila,1.3199999999999998
2362,3.2800000000000002
William Palmer,0.37
7311cf88-bac1-4ac9-a0d2-c55c02497944,1.96
9979944,2.33
4396031,1.1099999999999999
Simien Mountains  Company Delivery,1.01
519852438,2.33
√¢¬Ä¬úlegitimate√¢,1.38
William Kim,0.37
Jeffrey Strong,1.96
Susan Williams,0.37
Margaret Miller,0.37
Angela Chang,0.37
Daniel Chang,0.37
Victoria Gonzalez,1.01
Jennifer Johnson,1.01
Jeffrey Mills,1.01
Jason Brown,1.01
Jeff Sullivan,0.37
6828,0.37
Mr. Eric Logan,0.37
William Phillips,0.37
Heather Holmes,1.3199999999999998
Elizabeth Jones,0.37
Christian Quinn,1.3199999999999998
√¢¬Ä¬úHis,0.37
432526990,2.06
Kathryn Gomez,1.96
Stephanie Wiley,1.01
Lisa Ward,1.96
William Fernandez,1.01
Ryan Lewis,1.3199999999999998
Christina Chavez,0.37
Jessica Figueroa DDS,1.3199999999999998
Rebecca Taylor,0.37
463,1.38
762,1.69
√¢¬Ä¬úbelieve,1.3199999999999998
Dr. Daniel Massey,0.37
√¢¬Ä¬úWhat√¢¬Ä¬ôs,1.3199999999999998
Brooke Hamilton,1.3199999999999998
Mrs. Katherine Clark,1.96
Kathleen Benitez,0.37
Easterlings√¢,0.0
Seth Peters,1.3199999999999998
Kevin Butler,0.37
8851578d-3dd7-4430-8f73-b95305eb1f03,0.37
82379,0.74
Daniel Pruitt,1.01
bc583d11-794a-4a83-abc8-3daa208e1262,1.96
Andrew Torres,1.3199999999999998
8634589,1.96
7260903,2.2529999999999997
a2ac0390-407f-4a94-bc19-6d58d36ea69a,0.37
su y CJSC Canal,0.0
9b5a90cf-e801-46a8-bd50-879ab3862c67,2.91
6548672,0.95
Cheryl Conway,2.27
3896,-0.11699999999999999
76b8e150-91b4-494d-8ef6-6af706b397eb,1.96
Lauren Smith,1.3199999999999998
Darrell Lopez,1.3199999999999998
James Valencia,2.91
798,3.2800000000000002
cc3c9a3e-9226-43e0-9c2e-2cabec77b0fc,0.37
Barry Harris,1.96
Philip Murphy,1.3199999999999998
April Perry,0.37
245484,0.95
61679,1.5899999999999999
1983793,1.38
73db3de8-b968-40da-875c-7e57c678aa36,0.37
800578,1.96
254340176,1.3199999999999998
Attorneys√¢,3.6500000000000004
4332001,3.6500000000000004
9345,1.96
Eric Rogers,2.27
402,3.2800000000000002
Jon White,0.37
Emily Kennedy,1.3199999999999998
b1a0ee2a-0e6d-48c2-b639-032e4648fa5c,0.37
Sean Wilson,2.91
Kevin Burnett,0.37
218148,3.2800000000000002
Rebecca Walker,1.3199999999999998
decfc924-5bdc-4fba-8bbd-bb57d8d478d9,1.96
Amanda Scott,0.37
22 Raptor,1.3199999999999998
Estrella del Mar Inc Merchants,3.6500000000000004
Gerald Washington,0.37
Jessica Kelly,1.3199999999999998
60017,1.303
Annette Barrett,1.01
√¢¬Ä¬úknow,0.37
0c0ae060-2543-4d7e-bed0-e7fab24ba6a5,1.3199999999999998
Olivia Garner,1.96
Scott Johnson,1.96
Melissa Bates,2.27
Carlos Rose,1.96
a03df7da-c2cf-476d-a6ea-95c422969df2,1.01
Amber Green,1.96
Rodney Compton,1.3199999999999998
381051499,2.06
110727,1.75
su y Worldwide Shark,2.2529999999999997
4205,2.7
Mary Clements,0.37
789040,1.96
16306,0.9929999999999999
Sylvia Johnson,2.27
Charles Fitzgerald,0.37
6eda4eb1-cdb8-4d61-8c72-fae33deb91a7,1.01
Covid,1.01
5fddadd0-71e7-4bdf-a471-daddd5f376b8,1.96
7ed038cd-64da-492f-a338-5c4636b91a2b,1.01
80774,1.3199999999999998
4b0f0611-34ce-4733-81af-391943e272c0,1.96
Seth Kelley,0.37
√¢¬Ä¬úFrontline√¢,1.303
71084,2.91
Wanda Collins,2.27
Miguel Harrison,1.3199999999999998
√¢¬Ä¬ù√¢¬Ä¬ØThe,1.69
24e1e725-9a8e-489c-bbdd-0ce140fd6e3b,1.96
Zachary Sellers,1.3199999999999998
357987c8-3ecb-4e38-9f10-857007f2cd3b,1.01
8350379,3.01
Keith Compton,1.3199999999999998
04943c53-b4ac-4048-8d86-bced4138d7c6,2.91
59022,1.303
1039,-0.757
Tyler Anderson,1.3199999999999998
32,2.33
6242224,0.37
88295922,2.7
7830,0.37
e42f2b19-60d8-4df2-bb01-d2b42d134a26,1.3199999999999998
Paul Johnson,1.01
6d0e9c69-47a0-497e-b26e-28755c949385,1.96
54055,1.2029999999999998
Brett Blair,1.96
b840c9bf-2a5b-416c-91d9-1ecdd96425ab,1.3199999999999998
4eddaaa4-6306-467e-a7f4-27a58559e535,1.3199999999999998
ea6a6547-c93b-4f17-b037-200fa894289c,0.37
57c81b3c-882b-4824-91a0-7114be0fa5c7,2.91
Survivors√¢,1.3199999999999998
Task Force,2.27
8541598,0.74
828063,1.01
5362,3.28
Dr. Christina Jensen DDS,2.27
d025bbec-393d-4f51-94b3-01b77280ef31,1.3199999999999998
5276019,1.69
5e6b70db-a04a-4440-8991-3a92b5c4ac4d,1.3199999999999998
Tshikele Ltd. Liability Co,0.37
df76b4cf-1019-4768-93cd-27122ef3bacc,1.3199999999999998
111856,1.5899999999999999
88b35c10-45ae-4ded-ae4a-6cad038cfd91,1.96
553828215,1.01
663,1.3199999999999998
Lindsey Barr,1.3199999999999998
Filkins√¢,3.01
90be60b1-61d8-4115-b133-e4c8e09383eb,1.96
81211950,1.01
52134252,1.3199999999999998
679399,1.3199999999999998
3436524,1.3199999999999998
67716449,1.3199999999999998
e2844e89-d2d8-428d-8284-a0f2d9450a14,1.96
4406,2.7
ed114149-9468-41b4-adda-343883e79e04,1.96
7682,1.01
d6dbac2d-ba76-4503-be09-e0444b936bd0,1.3199999999999998
43223,0.6229999999999999
765078,2.33
172279392,0.74
Diane Hughes,1.3199999999999998
7f3d323d-54e3-49f8-9c28-7aa5cb4c7248,0.37
Jason Hughes,1.01
858773,0.74
Amanda Rogers,1.3199999999999998
4852,2.33
electric cars,1.3199999999999998
past years,1.3199999999999998
33,2.27
14f1538d-29ed-43f4-ac8f-7a6ce01b9c00,2.91
2e579f6f-eca3-498d-a523-b1da1e85a5cf,2.27
06c85abe-f160-4a9f-bfb2-d58099a6be80,0.37
Goliath√¢,1.69
Joseph Hawkins,1.01
b8649055-5b40-43e1-ba33-93182cf978d4,1.3199999999999998
Linda Jones,1.96
est√É,0.74
ma√É¬±ana as√É,1.69
Caleb Webster,1.3199999999999998
739622,2.7
7675191,1.75
4356,-0.017000000000000015
weeks 55,1.3199999999999998
Meghan Johnson,1.96
Cody Baird,2.91
Mark Norton,1.96
Michael Johnson,1.3199999999999998
233,1.1099999999999999
Dutch Herring Inc Transportation,2.06
8453714,1.69
60-day,1.96
29167335,1.69
73,1.01
b5856109-c5a0-43a6-8c70-ebfe73cc24f1,1.3199999999999998
092836e4-7218-4d3d-85da-9df420356be7,1.96
3590dd7e-a6cd-416d-9b42-68f692ad83ee,1.3199999999999998
Luis Jones,0.37
17232,0.37
6070651,0.253
c01c6a10-60c9-4f11-9409-aa04c3963826,1.3199999999999998
156,1.01
1eb512b7-c4ce-4b7e-9965-2236bf1afc9e,0.37
Timothy Benjamin,1.96
51,0.37
Anna Ortiz,0.37
f810c631-9f7d-4219-ade0-b44c4c9abf62,0.37
William Rivera,0.37
Liibaan General Trading Co,0.37
Christopher Garrett,2.27
206e3508-bbef-4473-906a-88e3f17c57ae,1.01
db83c37f-86e4-4694-a81c-ede2a01aef71,1.01
Matthew Fletcher,1.3199999999999998
Daniel Mcclain,0.37
962534403,0.37
Michele Taylor,1.3199999999999998
Michael Andrews,0.37
Lisa Gomez,1.3199999999999998
431,1.3199999999999998
Brenda Andrews,0.37
ee077c79-cc7b-4ac7-8c0b-d48f50538f61,2.27
Mark Hernandez PhD,1.01
RPG,0.64
Sarah Garcia,1.01
Jessica James,1.01
26794528-86a5-4b5e-802f-50c3f226c66b,0.37
5700,1.38
93380783,0.74
3129,-0.387
Jesse Thompson,2.27
1bf22b98-519c-4131-8bb4-53ecdd193100,0.37
8503254,1.1099999999999999
c18d0197-c30e-421f-bae3-2f8fa1e9159a,1.01
Evelyn Pacheco,1.96
Brianna Gregory,1.3199999999999998
914,2.7
Brooke Collins,1.96
Refugee Benefits√¢,1.75
Lori Weeks,1.3199999999999998
518323906,1.75
Karen Burns,1.3199999999999998
Randall Newman,1.96
f656719b-783e-452b-801f-f60895068b23,1.96
Scott Edwards,1.3199999999999998
√¢¬Ä¬úPerla√¢,3.6500000000000004
√¢¬Ä¬úEmanuel√¢¬Ä¬ù√¢¬Ä¬ìif,3.01
Gina Armstrong DDS,1.96
√¢¬Ä¬úRestrain√¢,0.0
Walter Graham,1.3199999999999998
Ryan Jones,1.01
Gabrielle Wade,2.27
Patrick Cannon,0.37
Jeanne Mills,1.96
√¢¬Ä¬úExploitation√¢,0.0
Austin Simpson,1.01
Sarah Hays,1.01
Richard Fleming,1.96
Melissa Gomez,0.37
Daniel Frank,1.3199999999999998
5890393d-3bb2-4f08-a460-4aa025e28de0,1.3199999999999998
b1d6e468-f3c5-45f3-90a2-e76b2f329b2d,1.96
Feb,-0.11699999999999999
164,0.0
√¢¬Ä¬údirect,1.3199999999999998
√¢¬Ä¬òdirectly√¢,0.0
√¢¬Ä¬úcriminally,0.37
Terry Mcknight,1.3199999999999998
David Nielsen,1.3199999999999998
John Obrien,1.3199999999999998
Michael Hansen,1.3199999999999998
Grace Perez,0.37
Travis Rivera,0.37
Larry Morrow,1.96
Tammy Martin,0.37
773,1.943
wgbh,1.303
436460757,1.01
93865,2.06
brianbushard,3.01
siladityaray,3.6500000000000004
82517,2.91
Robert Shaffer,1.3199999999999998
Jim Sims,2.91
Laura Patterson,1.96
√¢¬Ä¬òPerla√¢,1.69
Gary Palmer,1.3199999999999998
7674777,2.33
Jeremy Woodard,0.37
8302,3.6500000000000004
45620,3.6500000000000004
Jammu & Kashmir ship,3.6500000000000004
6352,2.91
Paul Wiley,1.3199999999999998
Miranda Long,1.3199999999999998
Michelle Kelley,0.37
Marvin Everett,1.3199999999999998
Matthew Sutton,1.3199999999999998
912077,1.01
Brandon Thomas,1.3199999999999998
Mexico√¢¬Ä¬ô√¢,0.95
Joseph Williams,1.3199999999999998
176,1.96
Scott Anderson,1.3199999999999998
Danielle Jensen,1.96
Brian Brown,1.3199999999999998
√¢¬Ä¬òenticed√¢,0.19299999999999995
8814,-0.387
139,1.96
25851337,-0.387
36506,0.563
150486480,1.96
90831,0.563
66820,0.74
Kristen Martin,0.37
da71710a-9b0e-41d8-a9f6-a0b93f1ab772,0.37
√ê¬∞√ë,2.33
√ê≈ì√ê¬∞ √ê¬±√ê≈∏√ë¬Ü√ë,1.38
√ê¬£√ê¬∫√ë¬Ä√ê¬∞√ë¬ó√ê≈ì√ê≈æ,0.74
Janet Floyd,1.3199999999999998
Richard Anderson,2.91
√¢¬Ä¬úCompromise√¢,2.6399999999999997
√¢¬Ä¬òPartners√¢,3.01
413760,2.27
94047,1.96
49525439,1.303
Angela Hernandez,1.01
Randy Logan,0.37
Elizabeth Martin,0.37
√¢¬Ä¬útheoriginaldragoncove√¢,0.0
Aaron Bennett,0.37
Kathleen Rowe,1.3199999999999998
Patrick Torres,1.01
Scott Jones,0.37
5fd0447e-d890-4f62-a411-5fc17c47b969,1.01
Scott Villa,0.37
Connor Ray,1.3199999999999998
23837996,0.37
82207154,2.7
Brandon Calderon,1.3199999999999998
740111283,0.0
3657479,2.7
2810009,1.01
129461,0.37
Congo Rapids  Marine sanctuary GmbH & Co. KG Marine sanctuary,0.37
√¢¬Ä¬úoriginaldragoncove√¢,0.74
The Defendants√¢,1.96
86ac9e66-f9e8-4f2b-ad17-39a52c23288c,1.3199999999999998
7443,1.96
5609469a-5721-4c94-92ed-ce7770055960,0.37
775841,0.95
Tiffany Stephens,1.96
Veronica Lowe,1.96
√¢¬Ä¬úNino√¢,1.69
803490608,2.7
f4e17264-3b3c-48a6-86ba-d65622dc2f13,1.01
Brent Young,1.3199999999999998
9550,1.3199999999999998
Sierra Henderson,0.37
Roger Jordan,1.3199999999999998
Matthew Everett,1.3199999999999998
Richard Adams,1.3199999999999998
Angel Burnett,0.37
Jose Smith,1.3199999999999998
Emily Norton,1.3199999999999998
6ffd3349-37f4-48c5-bc9a-1b80e722e939,2.91
2745,2.91
a7479eba-319a-434f-be06-3b1c0cc928ae,2.27
trucking,0.37
f383ad5f-7949-495e-8427-556b64decaca,1.3199999999999998
Michelle Aguilar,2.27
Danish Lobster Limited Liability Company Brothers,2.06
John Hernandez,1.3199999999999998
Texas√¢,0.0
Remarkable,3.01
46901627,0.95
46319064,-0.017000000000000015
P√É,2.33
82651,2.7
2ec12718-97bf-45a6-aff5-2d1b9b11d29a,2.91
√¢¬Ä¬úcommission√¢,1.69
Samantha Jackson,1.3199999999999998
Chelsey Woodard,1.96
Nichole West,0.37
Michael Alvarez,1.96
Brian Marsh,1.3199999999999998
Timothy Hampton,2.91
5007554,0.74
72630,2.7
9411155,2.06
Richard Smith,0.37
Jennifer Rivera,1.3199999999999998
2912063,2.33
Elizabeth Shah,1.3199999999999998
Gregory Williams,1.3199999999999998
William Daniel,1.3199999999999998
Terry Conley,1.3199999999999998
Jeremy Jarvis,0.37
Ashley Johnson,1.01
Greek Sea Bream and Son's,2.33
558,0.0
Shane Hahn,0.37
√¢¬Ä¬úundeniable√¢,0.74
√¢¬Ä¬úrequested,1.3199999999999998
Jeffrey Reed,2.27
55674,0.0
√¢¬Ä¬úinconsistencies√¢,0.74
Timothy Austin,1.01
17353795,2.7
540613204,1.69
Matthew Flores,1.01
√¢¬Ä¬úadjusting√¢,1.1099999999999999
Tammy Garcia,1.3199999999999998
Jamie Robinson,1.01
352,2.7
James Knight,2.27
662290,0.74
In month,2.91
Lachlan Enterprises Coral Reef,1.01
√¢¬Ä¬úDesbloqueio p√É,0.74
Brian Dennis,1.3199999999999998
Frederick Kent,1.3199999999999998
Candice Brown,1.3199999999999998
√¢¬Ä¬úKiko√¢,2.06
309535101,1.69
Nicholas Nguyen,1.96
Vincent Cummings,2.91
Tiffany Leonard,1.3199999999999998
tio MPF√¢¬Ä¬ôs Special Action Group Combat Organized Crime,1.38
51354617,1.38
109071721,3.6500000000000004
869882172,1.69
296837,1.96
Laura Williams,2.91
Sean George,1.01
Exporta√É,1.38
Par√É¬°√¢¬Ä¬ôs,1.3199999999999998
Douglas Gordon,1.01
James Thomas,1.96
Kristi Miller,1.3199999999999998
√¢¬Ä¬úillegal√¢,3.6500000000000004
Gambia River  GmbH & Co. KG and,1.75
400,3.2800000000000002
2430986,2.7
996592,2.06
92533,3.6500000000000004
Olas del Sur Inc,1.01
5508215,0.64
327572963,2.06
438,0.37
Hardwoods√¢,2.06
John Brown,0.37
SeaSelect Foods Corp Dry dock,0.74
Michael Flores,2.27
Thomas Ramsey,3.8600000000000003
Merida√¢¬Ä¬ô√¢,3.59
merida√¢,1.3199999999999998
8251198,0.95
7914,2.06
Deborah Bell,1.3199999999999998
Jonathan Coleman,0.37
Luis Rogers,0.37
√¢¬Ä¬úBandera√¢,1.69
√¢¬Ä¬úPadre,1.69
8269,0.64
Vanessa Chandler,0.37
64545,2.33
151159036,1.1099999999999999
3383,2.7
Menards√¢,2.06
Jason Garcia,1.96
Melissa Gonzalez,1.96
Pregolya Delivery Cruise ship,3.6500000000000004
√Ç¬£103,2.06
√Ç¬£10,1.69
f64e747e-13de-4628-b939-92a8ff4eb03f,1.3199999999999998
Rachel Arnold,1.3199999999999998
√¢¬Ä¬útiger√¢,2.7
Sharon Williams,0.37
Donald Thomas,1.3199999999999998
Rebecca Anderson,1.96
3328058,2.06
Julie Callahan,2.27
Nathan Murray,0.37
Thomas Johnson,0.37
176729,2.7
958644,1.1099999999999999
Jonathan Moody,1.3199999999999998
Kaitlyn Walsh,2.91
Alison Nash,2.27
Miranda Smith,1.01
√¢¬Ä¬úmining√¢,1.1099999999999999
Jennifer Wilson MD,2.27
6338,0.37
0d6a2f35-fccd-4cbf-865e-3ed08abb6a95,1.01
c40a73e5-c1dd-4b85-ac1c-2e6a51546aa7,0.37
3641,0.95
200,3.65
Nicholas Torres,1.3199999999999998
75360,2.6399999999999997
7a58f899-3e43-4b94-a64b-d5ab31a6055b,1.3199999999999998
76104890,1.96
68ac10aa-80a3-4b3c-99e5-f5708715ab2c,1.3199999999999998
Christopher Benitez,0.37
√¢¬Ä¬òThis,1.01
√¢¬Ä¬òSo,1.3199999999999998
Pit√¢,0.74
John Martin,0.37
Christopher Fields,0.37
David Romero,1.96
a691bc0a-cfdc-4b2a-a38e-efcd2799ecd1,1.96
28138,0.37
√¢¬Ä¬úsnitch,1.3199999999999998
3868221,1.69
79521144,0.74
Eugene Martin,0.37
Emma Jones,1.3199999999999998
√¢¬Ä¬úbroker√¢,1.38
Cassandra Stanley,0.37
198,2.33
9768,2.06
Tyler Jones,0.37
motor,1.3199999999999998
11353,1.38
353257,1.75
31368,1.1099999999999999
Colton Olson,0.37
Tamara Tyler,1.96
Henry Lambert,1.3199999999999998
Elizabeth Armstrong,1.96
Melissa Brock,1.01
51470600,3.6500000000000004
719,1.573
Sudd Swamp  Wave AS Freight ,0.353
74026296,1.943
374585759,0.37
59662085,-0.387
7423,0.37
68273,-0.11699999999999999
649,2.33
Donna Green,1.96
Dean Reyes,2.27
96049794,2.33
truck,1.96
d6d0741c-39d9-4b94-8b39-b5d2ad1669b9,1.96
291669,1.01
Thomas Watkins,1.96
Ancla del Mar Kga,2.06
Joshua Park,1.96
Sergio Ross,0.37
Platts√¢,1.1099999999999999
Patricia Hunter,0.37
Deepwater Horizon,0.37
455617,2.7
Dale Chandler,1.96
Marvin Evans,0.37
Jack Bell,1.3199999999999998
83241316,2.06
940161722,-0.387
148766,1.01
567857349,0.563
836,1.96
507470,-0.017000000000000015
12358151,1.96
8127,0.353
18668050,0.353
39033859,1.303
62532,2.7
649009867,1.1099999999999999
43454,0.353
Carmen Mendez,1.96
a51f21a5-b410-4000-ada4-086bd2e65cb6,1.3199999999999998
359755772,0.253
7577,0.37
dffd75ca-7510-403d-a6a0-f904b0c7b41d,1.96
61208e37-a326-4cf5-a571-f8bdd6f2dbf7,1.3199999999999998
30 days,1.3199999999999998
9ce492a2-de6e-4231-a018-318fc929908b,1.96
ffb63251-ebdc-4346-b3a4-ef1515310806,1.96
675d95eb-69b7-4f8a-bd4e-af2cf4def162,1.01
54056,1.3199999999999998
√¢¬Ä¬úDuare Ration√¢,3.6500000000000004
Robert Rodriguez,1.3199999999999998
Leslie Williams,2.27
da243ebe-ea98-4510-a6a8-add6679f9d1a,1.3199999999999998
Bulk Carrier,1.3199999999999998
b400d237-4d56-4de8-917a-8e7654ccf315,2.91
18404231,0.0
2eeca6e0-f5a7-4b9d-8b3e-ada56d140e36,1.96
Jose Parker,1.96
4711730,2.06
cd7cb49f-0021-4fe9-a3a9-cc8b3fce0c57,1.96
959344,2.06
James Limited Liability Company Logistics,1.1099999999999999
951187691,2.06
Andrew Harrison,1.3199999999999998
18403617,3.01
365,2.06
404,1.96
569767ed-015f-4cb9-a316-2db45fbf6cf3,1.96
9a3fecdc-0696-4b53-979c-8ac021f24910,0.37
899ccad6-2380-4e2c-aa57-d7f487964993,1.3199999999999998
Eddie Alexander,1.96
David Schwartz,1.3199999999999998
33560,1.3199999999999998
David Santiago,3.2199999999999998
Friday√¢¬Ä¬ôs,0.37
Hannah Little,1.3199999999999998
92616021,1.96
Scott Dougherty,1.3199999999999998
Juan Mckinney,1.01
0223707c-6754-4419-acb2-510377eadd60,0.37
d37a5a00-fca1-4753-890c-6975c311dc3f,1.96
Michelle Herring,2.27
011ad1ae-ae1b-4c74-9f58-c020e6a3e836,0.37
Bryan King,0.37
6083f325-5f17-4d41-9c22-f188f55ea9f3,1.3199999999999998
c2478e4c-2a8c-4d34-a5d5-fd46c66b5e67,1.01
Daniel Vasquez,0.37
Kevin Daniel,1.96
Lucas Williamson,1.96
Daniel Butler,1.3199999999999998
2330,1.96
386,0.0
d09a6a69-eed5-4057-9f96-dcf4c9cf4d88,1.3199999999999998
Lisa Lewis,1.96
3882e922-25e9-446d-8e04-97e8875fceb2,2.91
ba790a77-b0f3-4c1f-8d42-3d2bddbc1893,2.27
878521,1.96
Robert Chang,2.91
Manuel Hess,0.37
Brandon Stone,1.01
Seth Benjamin,2.27
Tom Bauer,1.96
Leslie Wood,1.96
Donna Davis,1.3199999999999998
7810241,2.2529999999999997
34487,0.353
83951569,1.303
4524860,1.96
three-hour,1.3199999999999998
59409,1.96
Amanda Jenkins,1.3199999999999998
Motor Vessel,1.3199999999999998
24996,2.7
90411963,2.06
114d2882-b620-4098-bb56-d865bbb85339,1.3199999999999998
Christopher Moore,0.37
Sarah Williams,1.96
Kenworth 18-wheeler,1.96
√¢¬Ä¬úsatisfactory√¢,2.6399999999999997
25777,1.3199999999999998
825,3.01
63548588,1.01
69007292,1.1099999999999999
David Seabed Inc Consulting,1.3199999999999998
28890617,2.06
492220197,2.06
662bfccd-798d-4e60-b308-2cb2918e3dd2,0.37
14636,3.01
Maria Jackson,2.91
Deborah Carson,1.3199999999999998
d0842009-cbf1-4df2-adfa-121a82160a05,1.96
3105981,1.3199999999999998
449856a6-3b60-46ca-b825-f9499558fa3a,1.96
16778128-07fa-46dd-b229-b0c2e2233602,0.37
Elizabeth Mccarty,2.27
Gregory Bowers,1.3199999999999998
Nicole Marshall,1.3199999999999998
207618139,2.06
Gina Knox,1.96
3874,1.1099999999999999
Tonya Frazier,0.37
80,1.3199999999999998
Charles Duke,2.91
Dennis Payne,2.27
Ashley Boyer,2.27
Darin Taylor,2.27
Larry Cisneros,2.27
Teresa Hansen,2.91
Ethan Walsh,1.96
Michael Evans,2.27
Alexandra Jackson,2.91
Lauren Sanchez,2.91
Crystal Hunter,1.96
Christopher Berry,2.27
James Patterson,1.3199999999999998
Jon Johnson,1.3199999999999998
Andrea White,2.27
Emily Smith,2.91
Megan Gonzales,2.91
Kenneth Warren,2.91
Edward Winters,2.91
Emily Stevens,2.91
Gabrielle Wright,2.91
Erika Carter,2.91
James Johnson,2.91
Brandi Johnson,2.91
Storm,2.91
91810266,3.01
HMS,0.37
John Campbell,1.3199999999999998
Diane Forbes,1.96
Dawn Robinson,0.37
19285,0.253
Kimberly Williams,1.3199999999999998
John Murray,1.3199999999999998
Nathaniel Shah,1.3199999999999998
Stephen Peterson,2.27
Eric Roman,1.96
Playa del Cielo  Marine,3.01
99,3.01
1f8c20da-5f20-4116-907a-a653089bb8a0,1.96
8832615,1.1099999999999999
5199,2.33
√¢¬Ä¬úoverwhelmed√¢,1.69
14525ad3-213a-406d-8e3e-64213f0be171,1.3199999999999998
Rachel Campbell,0.37
Gregory Marsh,0.37
Sarah Allen,0.37
Brittney Rice,0.37
Ashley Long,1.3199999999999998
Jessica Hernandez,1.3199999999999998
419,1.75
577a9358-a718-4d90-a90e-88f88c58160d,1.01
17de5508-cf65-4e04-9bdd-acba951afe7a,1.96
ca87f68d-1df8-4746-a8af-8d810f49e783,2.27
33210,1.96
88d63621-4f58-4c7e-a02d-589cefb3a6be,1.96
Diane Young,0.37
Traci Elliott,1.3199999999999998
hi xng BV Carriers,1.1099999999999999
Lucas Adams,3.8600000000000003
Rebecca Jordan,3.2199999999999998
Scott Day,0.37
Colin Hunter,1.3199999999999998
b9faf7c4-f237-4112-91bd-71fa0cf8571a,0.37
135338,0.19299999999999995
√¢¬Ä¬úStuff,0.37
William Lopez,1.3199999999999998
Warren Schwartz,1.01
72092,1.96
b605391a-2c84-4d59-98f0-d12fd185ec64,1.3199999999999998
Amy Mcclure,1.3199999999999998
Jessica Mullins,1.3199999999999998
Randall Martinez,1.3199999999999998
Vessels,1.01
511915273,1.01
435,2.06
b03a6fc7-507a-4328-9814-57561acb4fc6,0.37
71608,1.3199999999999998
Martin Jones,1.96
d4b66d04-ad3c-425a-a123-00e589b86a52,1.3199999999999998
95850,2.33
Danny Walker,0.37
Paul Hoover,1.3199999999999998
45310570,1.96
Aaron Cruz,0.37
598,2.91
928896ee-0c39-4b2c-aee6-910dc225513e,1.3199999999999998
442,2.06
18139144-efbe-4540-8e65-fde29def1993,1.01
826749274,1.3199999999999998
Michael Wright,1.3199999999999998
753,4.6
Chad Ruiz,1.96
687878,2.7
368951,2.7
c0ce6d15-622b-42a3-b892-f5efe5b4d00c,1.96
a086a63d-19c7-4241-845a-f82c628d09a2,1.96
Brett Lee,1.3199999999999998
Noah Mitchell,0.37
037acfda-0d33-4ce8-8907-fe7da3e27dff,0.37
Ronnie Gates,2.27
√¢¬Ä¬òexemplary√¢,3.01
b120bc86-764c-4e2b-9f36-1587f91a20e3,1.3199999999999998
4843b052-8f18-4298-9464-d780feb5ddad,2.27
scooter,1.3199999999999998
7cc6a1fe-59b5-491c-8985-bf6d77836092,1.96
8084530,0.37
ce8495cf-fe04-40b3-aaa2-d0bc29131f92,1.3199999999999998
6071877,1.96
93ac5fec-5f52-4431-a3ff-91430a8062f6,0.37
422,1.1099999999999999
753589537,2.7
Spanish Co & Son's,1.1099999999999999
Matthew Anderson,1.3199999999999998
332bb88e-0a63-41e3-8a27-87795fd552e9,1.96
course years,2.27
2ade0908-d1c9-45de-9dbb-3dfec75d9317,1.3199999999999998
Portuguese Sardines GmbH & Co. KG Line,1.96
Lake Nyasa Ltd. Corporation,2.06
Joshua Huang,1.96
3740,1.1099999999999999
440,3.6500000000000004
601882545,3.65
88651,3.96
William Taylor,2.91
4294544a-9643-4cfd-97a0-ac656cb17e60,2.91
Hannah Ray,1.3199999999999998
c495290e-2de7-487d-a139-f273c4974539,0.37
353361057,3.01
Amstel Inc,2.7
√¢¬Ä¬úHelp√¢,1.69
35829746,2.06
Charlotte Lopez,1.96
Mark Scott,1.3199999999999998
86034444,3.2800000000000002
Nicholas King,1.3199999999999998
James Andrews,1.3199999999999998
Joshua Wright,1.01
Mary Harrington,0.37
√¢¬Ä¬úsleepy,0.9329999999999999
67745773,1.96
214883455,2.7
Brett Moss,0.37
e69d4cb2-8bec-4496-8518-7426c6b9da65,2.27
Kagera River  GmbH & Co. KG Delivery,0.74
Holly Donaldson,1.3199999999999998
c8026923-944a-4155-b2ec-e160135e0c47,1.96
58cf758d-a6f2-48ba-ac0c-89581ae6b4a5,2.91
313441257,-0.017000000000000015
222079892,0.74
2919,1.1099999999999999
Dana Montes,0.37
1518,2.91
9820523,1.1099999999999999
Bryce Chavez,1.3199999999999998
90c3cb48-8060-4a55-804c-710044d19487,1.96
Brittany Rivers,1.3199999999999998
2ed68d75-994e-43dd-b326-a2adfa540562,1.3199999999999998
Michelle Evans,1.96
05d471b4-0e8c-4879-80b2-ef600220e09d,1.01
James Garcia,0.37
Kendra Owens,2.27
15,1.3199999999999998
805275,-0.387
fcef975b-e382-4c81-8160-41bf9e5bf937,0.37
√¢¬Ä¬úPublic Loaders,1.3199999999999998
715490,1.1099999999999999
14952,2.33
√¢¬Ä¬úEQUIPMENT√¢,1.69
353642,1.38
Ronald Gray,0.37
Debbie Ayala,0.37
Terri Rodriguez,1.96
6457,1.1099999999999999
6513816,1.1099999999999999
43797101,2.06
535955126,2.06
8211361,2.06
Scania Seafaring SRL Express,1.1099999999999999
Estrella del Sol LLC,1.1099999999999999
73470062,0.37
Kenneth Fox,1.3199999999999998
777,3.01
√¢¬Ä¬úshabu√¢,0.0
Rebecca Coleman,1.3199999999999998
868626239,2.7
573756802,0.37
Margaret Hodges,1.96
7680453,1.69
64c45541-e00b-423c-bc7d-238aa3a4d3ad,2.27
thirty days,2.27
c2d2e029-6f38-4148-9079-15615103cea6,1.01
186,1.3199999999999998
Kristin Johnston,1.3199999999999998
√¢¬Ä¬úcrisis√¢,1.3199999999999998
812137,0.353
961bafd7-8d2b-405a-9c79-0f5345498cab,1.3199999999999998
5334,3.6500000000000004
35679,0.37
Jason Neal,2.27
Diana Dawson,1.96
Courtney Johnson,0.37
613556,2.8930000000000002
353,0.0
Aicrowe Biotech Co,2.91
0f952ad7-6ecb-472e-8a30-895501a0e8c8,0.37
9507963,0.74
979294,3.6500000000000004
25222883,1.5899999999999999
Gaosheng Biotechnology Co,0.64
d2948905-9121-400b-905f-e449bf8ca35e,1.3199999999999998
AirPods,0.37
5246016,2.06
64863263,1.1099999999999999
Danish Lobster Ltd. Liability Co,1.96
vans√¢,2.06
36868,3.6500000000000004
3127062,1.1099999999999999
3369,1.1099999999999999
30880,2.7
√¢¬Ä¬òDisastrous√¢,2.06
Lake Manyara  SRL Brothers,3.01
8ce9074f-2904-41ea-896a-5d932e06f54c,2.27
3d009ee1-0d95-4516-802f-8a5110bde01e,0.37
64667049,2.06
1303,0.253
dbeb3e02-dc0c-4455-a16b-2d0b9cb2c65a,1.96
601e76fd-8517-4269-b976-2743987a49f3,1.01
67261634,0.37
344,1.3199999999999998
ba0514a3-9c57-4b04-a7c5-89fc0463fdda,0.37
60197861,0.37
8978,1.1099999999999999
Sharon Townsend,1.3199999999999998
Travis Sparks,1.96
Deborah Porter DDS,0.37
d4291c4b-873e-4830-b44a-85227fde3ee2,1.96
Amanda Clayton,0.37
√¢¬Ä¬úshark fin√¢,1.69
70720996,2.7
95291001,2.06
42627990,2.7
Mar de Estrellas Oyj Carriers,1.38
6d345854-f864-4194-85d2-047e66332dca,1.01
Christopher Cunningham,1.3199999999999998
Erica Parks,1.3199999999999998
df26d11f-ed87-4a19-b9e8-18e9783c00f5,2.27
2028,1.01
bc507d7c-29c9-4b0d-909e-52dd450a25d3,1.3199999999999998
entire 2036,0.37
Brenda Cox,1.3199999999999998
Suzanne Reed,1.3199999999999998
Cody Lewis,1.3199999999999998
1263250,0.563
Chris Booth,1.3199999999999998
Jul-36,2.27
Lisa Henderson,2.27
Karen Delgado,1.96
13d79d632036,1.3199999999999998
Sep-37,2.2529999999999997
Melissa Norman,1.01
Jennifer Andrade,2.27
Lori Cummings,1.3199999999999998
2032s,1.96
Damon Nelson,1.3199999999999998
Laura Jimenez,0.37
687028,0.37
Susan Mendoza,1.3199999999999998
Alexis Smith,2.27
Laura Smith,1.3199999999999998
Samantha Manning,1.3199999999999998
6ed1a821-e669-41f4-8a02-df4c818ff22e,1.3199999999999998
2038650116,2.06
f1e84016-0f09-4907-a777-a6bb02b5f419,2.27
e916e286-85e5-4a43-b2ef-89ad5260ebdc,1.3199999999999998
sectors sectors 2033,2.06
yearbook2034,2.06
2.04E+13,3.01
yearbook2036,2.06
b8567859-bf54-49fd-8332-5775e19c65af,1.01
Jun-36,3.2199999999999998
Hannah Walter,1.3199999999999998
Mar-35,3.01
b8f8208c-0388-484e-a700-b4c265170827,0.37
1aa47ffc-05a8-4edd-a8e0-94c10b650bd8,1.3199999999999998
Kelly Mccarthy,1.01
Frederick Taylor,0.37
ec4af8c8-1ff1-4aaa-9431-7697d930b3f4,1.3199999999999998
Ray Howard,1.3199999999999998
2036√¢¬Ä¬ôs,2.27
faf.20363,2.06
Joshua Landry,2.27
Joy Anderson,1.3199999999999998
3eed159b-e98e-4f8a-98c2-c34341435411,2.91
3190258,1.3199999999999998
David Frederick,1.3199999999999998
Curtis Grant,1.96
4f533d76-17d7-4b95-86b5-106503c99b0c,0.37
2030√¢,1.69
Lindsay Bennett,2.27
e631b105-4953-43e1-8d37-a3ab5dd3d860,1.3199999999999998
f514483d-fb5f-4cb2-bb8d-b616b10336d8,1.3199999999999998
Laura Ballard,1.01
165e0fe7-6725-4f4c-abc1-3ef485a939b0,1.3199999999999998
e3431d4d-79df-4da9-b8cb-a4d05a8aa474,0.37
39c767d3-a9b4-41f4-8a5d-e14b6c20a2d2,0.37
Sarah Sandoval,0.37
Raymond Howell,0.37
Jason Huff,0.37
FishEye International,3.6500000000000004
AquaFresh Foods CJSC -,1.1099999999999999
Ancla Azul Company Solutions,0.8329999999999999
√¢¬Ä¬úpair,2.06
Guessl,1.1099999999999999
Federated,0.64
FinestSea Ltd. Corporation Enterprises,1.1099999999999999
Icelandic Shrimp Corporation Transport,1.01
Lake Mweru A/S Carriers,1.1099999999999999
Playa de la Felicidad Oyj Cargo,0.64
l y S.A. de C.V. International,0.0
SeaSpray Wave SRL Solutions,-0.757
Ocean Fisheries Llc,-0.757
Ancla del Mar Ltd. Corporation,2.06
Tamil Nadu S.p.A.,0.563
Fisherman'sFriend Charter Boat S.A. de C.V. Freight ,-0.017000000000000015
FiTI,1.1099999999999999
Victoria,1.01
Master,1.38
Faurtil F√É¬°brica Urnas Tiet√É¬™,2.06
Turkish Mussels Ltd. Liability Co Marine biology,0.64
Mar del Paraso SRL Shipping,2.06
New Bedford Light,2.06
Sonia Fisheries Pvt,-0.11699999999999999
Pesquera,0.95
DOF√¢¬Ä¬ôs,-0.757
Irish Sea Seaside GmbH & Co. KG Distribution,0.8329999999999999
Uttar Pradesh Sp,0.37
Estrella de Coral Ltd. Corporation Logistics,0.64
Gulf of Guinea  Corporation,1.69
Seabreeze Foods Corporation Logistics,2.06
√¢¬Ä¬òDo,1.69
Dry Creek S.p.A. Overseas,0.0
Meere Delpeuch,3.96
Kerala Market Limited Liability Company,0.0
Pasture Petfoods New Zealand Ltd,0.0
Tanzania,1.01
Reunion,1.3199999999999998
Ht Shipping,2.7
Selena Building,2.06
Playa de la Felicidad NV,1.303
√¢¬Ä¬úIllegal,0.0
IMPORT,0.37
Fishing International,2.06
√¢¬Ä¬úVirginia,3.01
Electronic,0.37
Fish Sea,0.37
Sea Products,0.0
W Appliance,-0.757
McLean√¢¬Ä¬ôs,0.37
American,1.943
Finest Ltd. Liability Co United,2.33
Ex-Lax,1.69
Fishisland,2.06
Jammu & Kashmir Limited Liability Company Delivery,0.95
he√¢¬Ä¬ôs,0.37
√¢¬Ä¬únoncitizen,1.3199999999999998
√¢¬Ä¬úGenev,2.06
Oceanfront Oasis Inc Carriers,2.06
Qingdao Kaiyuan Seafoods,1.01
West Bengal SRL Marine conservation,1.3199999999999998
Platts Oilgram,1.1099999999999999
Kerala Market Corp Consulting,0.37
Mar de la Vida OJSC,-0.11699999999999999
America,2.33
Portuguese Octopus S.p.A. Cargo,0.0
Surf and Sand Ltd. Liability Co,0.6229999999999999
West Bengal S.A. de C.V.,1.303
Partnership satellite,3.01
Seafood,0.64
Caribbean,-0.11699999999999999
XUAR,-0.387
Fisheries Inc,1.38
Getis-Ord,1.96
World Church Power God,1.1099999999999999
Rama Overseas,1.3199999999999998
Estrella de Mar Limited Liability Company Delivery,3.01
Bergman√¢¬Ä¬ôs,0.74
Conduct Joint,2.06
Seabreeze Foods Ltd. Corporation United,0.9929999999999999
Kilimanjaro fishery Ltd. Liability Co Transport,0.353
Isa,1.75
Barco de Plata Ltd Logistics,2.06
Lake Malawi LC Forwading,2.06
Water World LLC Express,1.75
√¢¬Ä¬úTrials,2.06
BP√¢¬Ä¬ôs,3.01
FLIP MCGYVER Tradema,2.06
Shellfish Chile SA,1.3199999999999998
IPOS0000DOP,2.06
Temu√¢¬Ä¬ôs,1.1099999999999999
Firearms Explosives,2.06
IAVMs,1.1099999999999999
Cartel Emergent Weaponry Use,2.06
Ejintex International,0.37
Asia Seafood,1.3199999999999998
Andhra Pradesh  S.A. de C.V.,1.69
Atlanto√¢¬Ä¬ìScandian,3.96
Trammell√¢¬Ä¬ôs,2.06
Moo,1.38
Eva,2.33
Salles Operation Handroanthus,3.01
Blue Water Ventures Ltd. Liability Co,1.1099999999999999
Mar de Cristalino Co,1.38
SaltwaterSavor Shipyard LC Merchants,3.01
OceanKings Sailor Corp Logistics,0.37
Debit Cards Autopay,2.06
Mar de la Costa Ges.m.b.H.,2.06
√¢¬Ä¬úsuffered,1.1099999999999999
Orient,3.01
OceanicHarvest Dry dock N.V. Delivery,2.06
it√¢¬Ä¬ôs,1.69
Rafael√¢¬Ä¬ôs,2.06
Madhya Pradesh Market BV,1.1099999999999999
√¢¬Ä¬úCompliance,1.01
Blue Bay,3.65
Innovative,1.5899999999999999
Lake Malawi SE Freight ,0.6229999999999999
Caspian Sea  Sea Corporation Freight ,1.1099999999999999
Yu gan BV Investment,0.64
Thai Union Seafood,2.06
Okavango Delta Seaside Limited Liability Company Logistics,0.0
sh rn y Corporation,0.0
Ocean Trawlers,2.33
Belgian Scallop Limited Liability Company Krill,0.64
Sea Harvest,0.74
SMILE,0.0
Haryana s Co Transit,1.303
√¢¬Ä¬¢,1.1099999999999999
DOF√¢¬Ä¬ôs Long Xing,0.37
Insung,1.3199999999999998
Chuan gou Company Overseas,1.1099999999999999
Petroleum Vapor Intrusion,2.06
Energotrade Plus,3.01
Intrepid Navigators,1.69
Blue Venturew,-0.757
The Salty Dog Tidepool Kga Transport,0.0
Madhya Pradesh Market Ltd Solutions,2.27
Scottish Trout Limited Liability Company Transit,1.303
Gen International,1.1099999999999999
MeWe Vimeo,1.69
Four,3.6500000000000004
II,2.7
Bloomberg,3.2800000000000002
Ntaco,0.37
SVB√¢¬Ä¬ôs,2.7
United Bankx,0.37
Golden Titana,0.74
Sea Breezes GmbH & Co. KG Lighthouse,0.37
Mar de Plata Corp and Son's,1.96
Rs,1.3199999999999998
Irish Sea SRL Brothers,1.3199999999999998
Barco de Plata Plc,1.1099999999999999
Thomas Corp Cargo ship,1.75
Blue Lagoon Sailor Limited Liability Company Worldwide,1.1099999999999999
Amorim Flooring,0.37
Edward Ferry SE Transportation,0.64
√Ç¬£1,1.38
Stock SA,2.7
Forwading S.A. de C.V.,-0.11699999999999999
OceanicOrigin Foods River AG Marine ecology,1.3199999999999998
Ware,0.0
Arctic,1.38
Niger River Delta Ges.m.b.H. Services,0.37
ROBYN BECK,1.3199999999999998
Bay of Bengal's Incorporated,2.06
Aqua Ambassadors Limited Liability Company,1.38
Sea Luxe Oceanography Kga Transportation,0.74
Mongabay√¢¬Ä¬ôs,0.0
Fresh Atlantic,3.01
Sun√¢¬Ä¬ôs,3.96
Costa del Mar S.p.A.,0.95
OJSC Ltd. Liability Co,2.06
Mount Kenya Estuary Sp Holdings,1.96
√¢¬Ä¬úPok√É¬©mon,2.06
Ryabikova,2.6399999999999997
√¢¬Ä¬úbracatinga,0.0
I6aE01vDFm,2.6399999999999997
Puerta,1.303
Next Day,0.37
Seaside Sojourns A/S Shipping,0.353
Food,2.7
Guaranteed Income Program New Parents 2035,2.06
Image ArtTower,2.06
Nile Crocodile Deep-sea Oyj Brothers,3.01
VyoummBnVY,3.01
Blue Water Ventures Kga,1.1099999999999999
Bloomberg Law,3.01
√¢¬Ä¬úCinder,0.74
Kariba Dam  N.V. Brothers,0.74
Mitsubishi,0.64
Tuna Vietnam,0.37
Estrella del Mar Plc,1.96
Marine Foods,1.75
Agua Transici√É¬≥n Ecol√É¬≥gica,2.06
Arunachal Pradesh Sp Marine mist,1.75
Chuan gou Corporation Transportation,1.01
Nautical Navigators Kga United,1.75
3 Ltd. Liability Co,1.1099999999999999
Lf Beauty,2.7
Playa de Coral Oyj International,2.06
Metro Marinen,1.303
Surf and Sea International Tidepool,2.7
The Salty Dog CJSC,-0.017000000000000015
Paul S.A. de C.V.,2.7
Comei&Co,0.353
Rickard shrimp,2.33
Hudsons Bay,0.0
Group Co Marine life,1.3199999999999998
STL,3.6500000000000004
Odisha Sea Dry dock LLC Consultants,1.5899999999999999
USINC,1.3199999999999998
The Ashey,0.37
Green,1.96
Dark Web Vendor Illegal Narcotics,0.37
Heroin Cocaine Exchange Bitcoin,1.3199999999999998
Farmers,2.7
FiTI√¢¬Ä¬ôs,3.01
Jharkhand s GmbH & Co. KG,3.01
Phillips,0.64
6 Ray LLC Enterprises,1.38
Prod,2.7
Pinduoduo√¢¬Ä¬ôs,2.06
Aura√¢¬Ä¬ôs,1.38
McGovern BBB,1.1099999999999999
Rose,1.1099999999999999
drayage companies,1.69
Savaneta Corporation Marine life,2.33
Michael Limited Liability Company,2.7
Irtysh - Inc Distribution,1.1099999999999999
East,1.1099999999999999
Fresh On Time Seafood,1.69
MAT,0.37
Faroe Islands Halibut A/S,0.37
Teion Internationala,1.96
Single Seafood,1.1099999999999999
√¢¬Ä¬úUS,2.7
Welding,1.01
Basketball,1.01
Ocean Packers,3.6500000000000004
Improvised Anti,2.7
Orange River  AS Logistics,3.01
Ste,2.7
French Ltd. Corporation Surfboard,1.1099999999999999
Andhra Pradesh  Investment Dry dock,2.7
Uber Connect,1.01
Pb Brasil Industries,3.01
Deep Sea Atlantic NV,0.37
Supreme GmbH & Co. KG Consulting,1.38
gu y LC Shipping,2.7
Ningbo China Base Landhau Foreign,0.37
Estrella del Mar Pic,2.6399999999999997
Artemov√¢¬Ä¬ôs Ava Petroleum,2.6399999999999997
Spanish Red Snapper GmbH Shipping,3.01
Officer Pleads Guilty,3.01
Bribes Exchange Smuggling Contraband,3.01
Sp,2.893
Memphis Women,1.96
One Hongn,1.38
Evergreen,2.7
Himachal Pradesh Aquatic Plc Brothers,1.38
Lake Tanganyika Sea AS Shipping,2.33
Nagaland Sea Ltd. Liability Co &,0.0
Estrella de la Costa  Consultants,2.06
Kores De Venezuela C A,2.33
CP World,0.64
Tombow,2.7
Gelita Gelatine,1.3199999999999998
Yale,3.2800000000000002
Faroe Islands Plc Investment,3.6500000000000004
East Ltd. Corporation Investment,2.7
Logistics,0.74
Dispenseroo,1.96
80 Percent Arms,1.1099999999999999
CM Nationali,2.06
Anthony Sailboat Co Shipping,0.74
MV,1.943
Costa de Coral Charter Boat Oyj Overseas,1.96
Warner,1.69
Alpha Brokersa,1.75
Viktor√¢¬Ä¬ôs,0.37
Sea Seekers Merchants Cruise ship,1.01
NFTs,2.33
Cargo Systemsi,2.7
Ocano del Este Corp Freight ,2.7
Ronald,3.6500000000000004
C Express,2.06
Znamensk Eel LLC United,1.38
Sisdof/Sinaflor,1.38
Spanish Shrimp Sp Brothers,2.33
Tajima Industrues Ltd,0.74
Zerza√¢¬Ä¬ôs,1.1099999999999999
Ind√É¬∫stria Madeireira Uliana,3.6500000000000004
Sms,3.2800000000000002
Semas 260 Rural,2.7
Dolphin Dreams S.A. de C.V. Seafood,2.7
All,0.37
Cab Incorportated,2.06
Sikkim S.A. de C.V.,1.943
Yeezy,1.38
Kagera River  Company Solutions,2.7
Marmooska Shipyard Sagl United,1.96
Leo,2.7
W&O Supply,1.5899999999999999
Greek Sea Bream Limited Liability Company Transit,1.513
David S.A. de C.V. Brothers,3.96
Haryana s Ltd. Corporation Carriers,2.7
Coral Reef Sagl Transport,2.7
Felbab-Brown,1.96
OzonAction√¢¬Ä¬ôs,3.6500000000000004
√¢¬Ä¬úEntirely,2.06
Ocano del Este SE,1.5899999999999999
Norwegian Shrimp N.V. -,1.01
Malabar Sea Catch Sp,2.7
