type,weight,source,target,key,source_id,source_country,target_id,target_country
partnership,0.9082395,185040354,77b46bc7-7e31-41a0-973c-e633011d21b0,0,185040354,Unknown,77b46bc7-7e31-41a0-973c-e633011d21b0,Unknown
membership,0.8828208,341411,8c53a730-3aa1-463f-aef6-999a3cfbfb70,0,341411,Unknown,8c53a730-3aa1-463f-aef6-999a3cfbfb70,Unknown
membership,0.8893693,341411,f94bcae5-b023-48f6-a0d5-ff2f01cc00ed,0,341411,Unknown,f94bcae5-b023-48f6-a0d5-ff2f01cc00ed,Unknown
membership,0.90387654,341411,f6cca381-c55e-44cc-b685-6c4139459b96,0,341411,Unknown,f6cca381-c55e-44cc-b685-6c4139459b96,Unknown
family_relationship,0.9422639,341411,d0123474-8425-4ab0-90d5-175920158638,0,341411,Unknown,d0123474-8425-4ab0-90d5-175920158638,Unknown
ownership,0.8707887,341411,933c4581-7ecc-4377-995c-7a200fee617b,0,341411,Unknown,933c4581-7ecc-4377-995c-7a200fee617b,Unknown
family_relationship,0.82984716,341411,b8f8208c-0388-484e-a700-b4c265170827,0,341411,Unknown,b8f8208c-0388-484e-a700-b4c265170827,Unknown
family_relationship,0.8854589,341411,1aa47ffc-05a8-4edd-a8e0-94c10b650bd8,0,341411,Unknown,1aa47ffc-05a8-4edd-a8e0-94c10b650bd8,Unknown
family_relationship,0.8185814,341411,b8567859-bf54-49fd-8332-5775e19c65af,0,341411,Unknown,b8567859-bf54-49fd-8332-5775e19c65af,Unknown
membership,0.95098346,341411,b8567859-bf54-49fd-8332-5775e19c65af,1,341411,Unknown,b8567859-bf54-49fd-8332-5775e19c65af,Unknown
partnership,0.89817876,341411,cefaf8b3-3aa2-4c59-b4aa-7974c8e1fe32,0,341411,Unknown,cefaf8b3-3aa2-4c59-b4aa-7974c8e1fe32,Unknown
membership,0.9409724,341411,f514483d-fb5f-4cb2-bb8d-b616b10336d8,0,341411,Unknown,f514483d-fb5f-4cb2-bb8d-b616b10336d8,Unknown
membership,0.8304546,341411,58db776e-40f1-4e68-b13d-dcc42416ce58,0,341411,Unknown,58db776e-40f1-4e68-b13d-dcc42416ce58,Unknown
ownership,0.8260966,341411,c01c6a10-60c9-4f11-9409-aa04c3963826,0,341411,Unknown,c01c6a10-60c9-4f11-9409-aa04c3963826,Unknown
partnership,0.90137154,341411,011ad1ae-ae1b-4c74-9f58-c020e6a3e836,0,341411,Unknown,011ad1ae-ae1b-4c74-9f58-c020e6a3e836,Unknown
family_relationship,0.88211274,341411,95c715ba-891e-4472-8e2a-4e746dcc266a,0,341411,Unknown,95c715ba-891e-4472-8e2a-4e746dcc266a,Unknown
partnership,0.8842487,341411,1a2ebb93-1c85-4f40-abb1-cff639788678,0,341411,Unknown,1a2ebb93-1c85-4f40-abb1-cff639788678,Unknown
membership,0.9236536,14253815,4369922c-ce1d-40ff-904c-1f6a3000bf6b,0,14253815,Unknown,4369922c-ce1d-40ff-904c-1f6a3000bf6b,Unknown
membership,0.815024,445a6124-4650-4e5a-83bb-a0e0b4040ee9,341411,0,445a6124-4650-4e5a-83bb-a0e0b4040ee9,Unknown,341411,Unknown
partnership,0.87574035,4,77b46bc7-7e31-41a0-973c-e633011d21b0,0,4,Unknown,77b46bc7-7e31-41a0-973c-e633011d21b0,Unknown
ownership,0.8665408,4,662bfccd-798d-4e60-b308-2cb2918e3dd2,0,4,Unknown,662bfccd-798d-4e60-b308-2cb2918e3dd2,Unknown
membership,0.8256399,4,e69d4cb2-8bec-4496-8518-7426c6b9da65,0,4,Unknown,e69d4cb2-8bec-4496-8518-7426c6b9da65,Unknown
family_relationship,0.8195724,196159,b8567859-bf54-49fd-8332-5775e19c65af,0,196159,Unknown,b8567859-bf54-49fd-8332-5775e19c65af,Unknown
partnership,0.83352184,290834957,c9b9c344-98ec-40b8-af05-8528e5d82534,0,290834957,Unknown,c9b9c344-98ec-40b8-af05-8528e5d82534,Unknown
family_relationship,0.8979618,290834957,e3431d4d-79df-4da9-b8cb-a4d05a8aa474,0,290834957,Unknown,e3431d4d-79df-4da9-b8cb-a4d05a8aa474,Unknown
family_relationship,0.8468569,290834957,39c767d3-a9b4-41f4-8a5d-e14b6c20a2d2,0,290834957,Unknown,39c767d3-a9b4-41f4-8a5d-e14b6c20a2d2,Unknown
partnership,0.84074324,77b46bc7-7e31-41a0-973c-e633011d21b0,7,0,77b46bc7-7e31-41a0-973c-e633011d21b0,Unknown,7,Unknown
ownership,0.8535429,77b46bc7-7e31-41a0-973c-e633011d21b0,35,0,77b46bc7-7e31-41a0-973c-e633011d21b0,Unknown,35,Unknown
membership,0.91630006,77b46bc7-7e31-41a0-973c-e633011d21b0,290834957,0,77b46bc7-7e31-41a0-973c-e633011d21b0,Unknown,290834957,Unknown
partnership,0.9075945,77b46bc7-7e31-41a0-973c-e633011d21b0,43685541,0,77b46bc7-7e31-41a0-973c-e633011d21b0,Unknown,43685541,Unknown
partnership,0.8632582,77b46bc7-7e31-41a0-973c-e633011d21b0,79538,0,77b46bc7-7e31-41a0-973c-e633011d21b0,Unknown,79538,Unknown
family_relationship,0.93070984,7,77b46bc7-7e31-41a0-973c-e633011d21b0,0,7,Unknown,77b46bc7-7e31-41a0-973c-e633011d21b0,Unknown
family_relationship,0.82193726,55,b8567859-bf54-49fd-8332-5775e19c65af,0,55,Unknown,b8567859-bf54-49fd-8332-5775e19c65af,Unknown
family_relationship,0.83121526,8701038,91dcf36d-dba8-41e8-a4cc-912981a27296,0,8701038,Unknown,91dcf36d-dba8-41e8-a4cc-912981a27296,Unknown
family_relationship,0.8405013,9067,d5cbeea1-73ac-4d86-adeb-b609629b12bf,0,9067,Unknown,d5cbeea1-73ac-4d86-adeb-b609629b12bf,Unknown
family_relationship,0.8591079,750975,b20c0baf-8530-4a84-a5b6-8da324ebebdb,0,750975,Unknown,b20c0baf-8530-4a84-a5b6-8da324ebebdb,Unknown
partnership,0.83333796,750975,b8567859-bf54-49fd-8332-5775e19c65af,0,750975,Unknown,b8567859-bf54-49fd-8332-5775e19c65af,Unknown
membership,0.8605831,3506021,aea12579-8802-4b2d-b432-fc35fe4d10d5,0,3506021,Unknown,aea12579-8802-4b2d-b432-fc35fe4d10d5,Unknown
membership,0.9321291,3506021,0f952ad7-6ecb-472e-8a30-895501a0e8c8,0,3506021,Unknown,0f952ad7-6ecb-472e-8a30-895501a0e8c8,Unknown
membership,0.90566474,3506021,ba0514a3-9c57-4b04-a7c5-89fc0463fdda,0,3506021,Unknown,ba0514a3-9c57-4b04-a7c5-89fc0463fdda,Unknown
membership,0.92504054,3506021,f514483d-fb5f-4cb2-bb8d-b616b10336d8,0,3506021,Unknown,f514483d-fb5f-4cb2-bb8d-b616b10336d8,Unknown
family_relationship,0.9289241,95,c73572b6-7b24-49e7-8f52-11cf8ec3c7d2,0,95,Unknown,c73572b6-7b24-49e7-8f52-11cf8ec3c7d2,Unknown
family_relationship,0.826919,95,aea12579-8802-4b2d-b432-fc35fe4d10d5,0,95,Unknown,aea12579-8802-4b2d-b432-fc35fe4d10d5,Unknown
family_relationship,0.9169947,95,95c715ba-891e-4472-8e2a-4e746dcc266a,0,95,Unknown,95c715ba-891e-4472-8e2a-4e746dcc266a,Unknown
family_relationship,0.89622176,47679,b8567859-bf54-49fd-8332-5775e19c65af,0,47679,Unknown,b8567859-bf54-49fd-8332-5775e19c65af,Unknown
family_relationship,0.8306241,47679,b8567859-bf54-49fd-8332-5775e19c65af,1,47679,Unknown,b8567859-bf54-49fd-8332-5775e19c65af,Unknown
family_relationship,0.88711065,d0123474-8425-4ab0-90d5-175920158638,425887173,0,d0123474-8425-4ab0-90d5-175920158638,Unknown,425887173,Unknown
ownership,0.93032837,d0123474-8425-4ab0-90d5-175920158638,64338295,0,d0123474-8425-4ab0-90d5-175920158638,Unknown,64338295,Unknown
ownership,0.8395138,d0123474-8425-4ab0-90d5-175920158638,81,0,d0123474-8425-4ab0-90d5-175920158638,Unknown,81,Unknown
membership,0.8055693,405ab2a5-68f0-4304-ab94-24c7995a248e,290834957,0,405ab2a5-68f0-4304-ab94-24c7995a248e,Unknown,290834957,Unknown
membership,0.8993094,405ab2a5-68f0-4304-ab94-24c7995a248e,526269,0,405ab2a5-68f0-4304-ab94-24c7995a248e,Unknown,526269,Unknown
membership,0.8333457,e2b334d9-4d51-40b2-a7b1-441b88400b75,290834957,0,e2b334d9-4d51-40b2-a7b1-441b88400b75,Unknown,290834957,Unknown
membership,0.90694094,e2b334d9-4d51-40b2-a7b1-441b88400b75,526269,0,e2b334d9-4d51-40b2-a7b1-441b88400b75,Unknown,526269,Unknown
ownership,0.89587003,91dcf36d-dba8-41e8-a4cc-912981a27296,526269,0,91dcf36d-dba8-41e8-a4cc-912981a27296,Unknown,526269,Unknown
partnership,0.909481,69150209,c01c6a10-60c9-4f11-9409-aa04c3963826,0,69150209,Unknown,c01c6a10-60c9-4f11-9409-aa04c3963826,Unknown
partnership,0.88598055,69150209,1eb512b7-c4ce-4b7e-9965-2236bf1afc9e,0,69150209,Unknown,1eb512b7-c4ce-4b7e-9965-2236bf1afc9e,Unknown
partnership,0.8617818,69150209,f2aee915-d483-4823-a030-9aac5e44c1fe,0,69150209,Unknown,f2aee915-d483-4823-a030-9aac5e44c1fe,Unknown
ownership,0.8775552,69150209,f810c631-9f7d-4219-ade0-b44c4c9abf62,0,69150209,Unknown,f810c631-9f7d-4219-ade0-b44c4c9abf62,Unknown
membership,0.82301563,06430a2c-805a-4a76-bbda-2a24c0c860d7,290834957,0,06430a2c-805a-4a76-bbda-2a24c0c860d7,Unknown,290834957,Unknown
membership,0.823576,44956,4f533d76-17d7-4b95-86b5-106503c99b0c,0,44956,Unknown,4f533d76-17d7-4b95-86b5-106503c99b0c,Unknown
family_relationship,0.8816753,14bda3bb-9993-4265-97cc-1747808c144e,1225,0,14bda3bb-9993-4265-97cc-1747808c144e,Unknown,1225,Unknown
membership,0.8871055,14bda3bb-9993-4265-97cc-1747808c144e,2751,0,14bda3bb-9993-4265-97cc-1747808c144e,Unknown,2751,Unknown
family_relationship,0.9092422,14bda3bb-9993-4265-97cc-1747808c144e,47,0,14bda3bb-9993-4265-97cc-1747808c144e,Unknown,47,Unknown
membership,0.8944585,14bda3bb-9993-4265-97cc-1747808c144e,1303,0,14bda3bb-9993-4265-97cc-1747808c144e,Unknown,1303,Unknown
family_relationship,0.8278751,14bda3bb-9993-4265-97cc-1747808c144e,979893388,0,14bda3bb-9993-4265-97cc-1747808c144e,Unknown,979893388,Unknown
partnership,0.850799,602ea158-0519-47fc-badc-787721580418,903311212,0,602ea158-0519-47fc-badc-787721580418,Unknown,903311212,Unknown
ownership,0.83946025,602ea158-0519-47fc-badc-787721580418,903311212,1,602ea158-0519-47fc-badc-787721580418,Unknown,903311212,Unknown
membership,0.9150195,380,77b46bc7-7e31-41a0-973c-e633011d21b0,0,380,Unknown,77b46bc7-7e31-41a0-973c-e633011d21b0,Unknown
ownership,0.93377405,380,f7a4114d-d1ca-44df-a7e0-c72e440671ba,0,380,Unknown,f7a4114d-d1ca-44df-a7e0-c72e440671ba,Unknown
ownership,0.88733673,380,f9f6fc72-83db-4c44-a818-dde6c33985f9,0,380,Unknown,f9f6fc72-83db-4c44-a818-dde6c33985f9,Unknown
membership,0.90275615,f20779bf-63b5-4ea4-bb5f-944bb9449bce,349,0,f20779bf-63b5-4ea4-bb5f-944bb9449bce,Unknown,349,Unknown
partnership,0.9160606,ee05a28e-82ba-4f1d-a60f-68797a422ada,3506021,0,ee05a28e-82ba-4f1d-a60f-68797a422ada,Unknown,3506021,Unknown
family_relationship,0.8186245,ee05a28e-82ba-4f1d-a60f-68797a422ada,341411,0,ee05a28e-82ba-4f1d-a60f-68797a422ada,Unknown,341411,Unknown
partnership,0.8503917,6731,b28d568f-09b4-41bd-b04d-4cf255f1adc6,0,6731,Unknown,b28d568f-09b4-41bd-b04d-4cf255f1adc6,Unknown
ownership,0.82480365,6731,62d4bdbc-8978-4cbf-b9ea-82aaa9188c91,0,6731,Unknown,62d4bdbc-8978-4cbf-b9ea-82aaa9188c91,Unknown
membership,0.88431066,6731,d025bbec-393d-4f51-94b3-01b77280ef31,0,6731,Unknown,d025bbec-393d-4f51-94b3-01b77280ef31,Unknown
partnership,0.89399624,6731,961bafd7-8d2b-405a-9c79-0f5345498cab,0,6731,Unknown,961bafd7-8d2b-405a-9c79-0f5345498cab,Unknown
partnership,0.9259873,665,0f5fd4f9-1683-464e-9459-a4488de5064b,0,665,Unknown,0f5fd4f9-1683-464e-9459-a4488de5064b,Unknown
partnership,0.89744645,665,ae16dd9b-0271-4699-91bc-0ce6b69357c6,0,665,Unknown,ae16dd9b-0271-4699-91bc-0ce6b69357c6,Unknown
partnership,0.9267556,665,c01c6a10-60c9-4f11-9409-aa04c3963826,0,665,Unknown,c01c6a10-60c9-4f11-9409-aa04c3963826,Unknown
partnership,0.90387577,665,1eb512b7-c4ce-4b7e-9965-2236bf1afc9e,0,665,Unknown,1eb512b7-c4ce-4b7e-9965-2236bf1afc9e,Unknown
partnership,0.8776504,665,f2aee915-d483-4823-a030-9aac5e44c1fe,0,665,Unknown,f2aee915-d483-4823-a030-9aac5e44c1fe,Unknown
membership,0.8316131,3b728c8f-1eaa-4f16-8c63-d3bcffd437bb,573756802,0,3b728c8f-1eaa-4f16-8c63-d3bcffd437bb,Unknown,573756802,Unknown
membership,0.8008407,185106,df42b319-be6a-4a2e-b11d-c4da7ecfc01c,0,185106,Unknown,df42b319-be6a-4a2e-b11d-c4da7ecfc01c,Unknown
family_relationship,0.84734964,947,b20c0baf-8530-4a84-a5b6-8da324ebebdb,0,947,Unknown,b20c0baf-8530-4a84-a5b6-8da324ebebdb,Unknown
family_relationship,0.8480846,4348721,b20c0baf-8530-4a84-a5b6-8da324ebebdb,0,4348721,Unknown,b20c0baf-8530-4a84-a5b6-8da324ebebdb,Unknown
family_relationship,0.8527388,b20c0baf-8530-4a84-a5b6-8da324ebebdb,979893388,0,b20c0baf-8530-4a84-a5b6-8da324ebebdb,Unknown,979893388,Unknown
ownership,0.80860746,860600018,0f5fd4f9-1683-464e-9459-a4488de5064b,0,860600018,Unknown,0f5fd4f9-1683-464e-9459-a4488de5064b,Unknown
family_relationship,0.92555124,860600018,e53552bc-174b-4799-b96b-c23cfa0731cb,0,860600018,Unknown,e53552bc-174b-4799-b96b-c23cfa0731cb,Unknown
family_relationship,0.90449923,435054320,e1d7b4ac-ed31-42a4-9375-4afb0f78f276,0,435054320,Unknown,e1d7b4ac-ed31-42a4-9375-4afb0f78f276,Unknown
ownership,0.9261155,435054320,f7a4114d-d1ca-44df-a7e0-c72e440671ba,0,435054320,Unknown,f7a4114d-d1ca-44df-a7e0-c72e440671ba,Unknown
ownership,0.8629763,435054320,f9f6fc72-83db-4c44-a818-dde6c33985f9,0,435054320,Unknown,f9f6fc72-83db-4c44-a818-dde6c33985f9,Unknown
partnership,0.8091495,435054320,8851578d-3dd7-4430-8f73-b95305eb1f03,0,435054320,Unknown,8851578d-3dd7-4430-8f73-b95305eb1f03,Unknown
ownership,0.83142996,f21800ca-b3c9-404b-8438-3d75ea84c409,1560,0,f21800ca-b3c9-404b-8438-3d75ea84c409,Unknown,1560,Unknown
ownership,0.8443904,f21800ca-b3c9-404b-8438-3d75ea84c409,4962642,0,f21800ca-b3c9-404b-8438-3d75ea84c409,Unknown,4962642,Unknown
ownership,0.9035101,f21800ca-b3c9-404b-8438-3d75ea84c409,979893388,0,f21800ca-b3c9-404b-8438-3d75ea84c409,Unknown,979893388,Unknown
partnership,0.8662105,e85c691a-2adc-4094-8d29-5ea328486951,47679,0,e85c691a-2adc-4094-8d29-5ea328486951,Unknown,47679,Unknown
partnership,0.8430924,e85c691a-2adc-4094-8d29-5ea328486951,651,0,e85c691a-2adc-4094-8d29-5ea328486951,Unknown,651,Unknown
family_relationship,0.85935116,e85c691a-2adc-4094-8d29-5ea328486951,1225,0,e85c691a-2adc-4094-8d29-5ea328486951,Unknown,1225,Unknown
ownership,0.8569726,41870892-4565-42cd-9374-8665d01e9aa9,128692,0,41870892-4565-42cd-9374-8665d01e9aa9,Unknown,128692,Unknown
ownership,0.8798054,41870892-4565-42cd-9374-8665d01e9aa9,5441,0,41870892-4565-42cd-9374-8665d01e9aa9,Unknown,5441,Unknown
ownership,0.8397438,41870892-4565-42cd-9374-8665d01e9aa9,199442,0,41870892-4565-42cd-9374-8665d01e9aa9,Unknown,199442,Unknown
ownership,0.8232111,41870892-4565-42cd-9374-8665d01e9aa9,829,0,41870892-4565-42cd-9374-8665d01e9aa9,Unknown,829,Unknown
ownership,0.8437683,41870892-4565-42cd-9374-8665d01e9aa9,47679,0,41870892-4565-42cd-9374-8665d01e9aa9,Unknown,47679,Unknown
ownership,0.8922229,41870892-4565-42cd-9374-8665d01e9aa9,995899,0,41870892-4565-42cd-9374-8665d01e9aa9,Unknown,995899,Unknown
ownership,0.85896164,41870892-4565-42cd-9374-8665d01e9aa9,1560,0,41870892-4565-42cd-9374-8665d01e9aa9,Unknown,1560,Unknown
ownership,0.8631839,41870892-4565-42cd-9374-8665d01e9aa9,47249,0,41870892-4565-42cd-9374-8665d01e9aa9,Unknown,47249,Unknown
ownership,0.8574633,41870892-4565-42cd-9374-8665d01e9aa9,23399545,0,41870892-4565-42cd-9374-8665d01e9aa9,Unknown,23399545,Unknown
family_relationship,0.9215247,3cda9d0b-77af-4e85-bef8-e935ca55ea06,95,0,3cda9d0b-77af-4e85-bef8-e935ca55ea06,Unknown,95,Unknown
family_relationship,0.8684586,3cda9d0b-77af-4e85-bef8-e935ca55ea06,865275,0,3cda9d0b-77af-4e85-bef8-e935ca55ea06,Unknown,865275,Unknown
partnership,0.84086764,23,3d009ee1-0d95-4516-802f-8a5110bde01e,0,23,Unknown,3d009ee1-0d95-4516-802f-8a5110bde01e,Unknown
partnership,0.84086764,23,3d009ee1-0d95-4516-802f-8a5110bde01e,0,23,Unknown,3d009ee1-0d95-4516-802f-8a5110bde01e,Unknown
membership,0.90642667,23,e916e286-85e5-4a43-b2ef-89ad5260ebdc,0,23,Unknown,e916e286-85e5-4a43-b2ef-89ad5260ebdc,Unknown
membership,0.90642667,23,e916e286-85e5-4a43-b2ef-89ad5260ebdc,0,23,Unknown,e916e286-85e5-4a43-b2ef-89ad5260ebdc,Unknown
partnership,0.8137396,144431,6064a564-2a82-44b7-8614-3a33f25e41ba,0,144431,Unknown,6064a564-2a82-44b7-8614-3a33f25e41ba,Unknown
membership,0.8662888,15910405,36351742-aff4-4df7-a495-1f1f2c94127a,0,15910405,Unknown,36351742-aff4-4df7-a495-1f1f2c94127a,Unknown
ownership,0.84419596,6d249c4d-1f62-4ab2-b107-8fd978f115c7,733,0,6d249c4d-1f62-4ab2-b107-8fd978f115c7,Unknown,733,Unknown
family_relationship,0.90237296,235866056,b8567859-bf54-49fd-8332-5775e19c65af,0,235866056,Unknown,b8567859-bf54-49fd-8332-5775e19c65af,Unknown
membership,0.88551795,d5b94ebc-e03a-438e-872b-a15db349a748,903311212,0,d5b94ebc-e03a-438e-872b-a15db349a748,Unknown,903311212,Unknown
membership,0.86152405,486,b1a0ee2a-0e6d-48c2-b639-032e4648fa5c,0,486,Unknown,b1a0ee2a-0e6d-48c2-b639-032e4648fa5c,Unknown
membership,0.85346913,486,2ade0908-d1c9-45de-9dbb-3dfec75d9317,0,486,Unknown,2ade0908-d1c9-45de-9dbb-3dfec75d9317,Unknown
family_relationship,0.87084484,40690,e836e8c3-a45e-4225-870d-d3e8dbc62c26,0,40690,Unknown,e836e8c3-a45e-4225-870d-d3e8dbc62c26,Unknown
family_relationship,0.801047,743225,5ede75fe-f670-4a59-b693-da34e7f6eb47,0,743225,Unknown,5ede75fe-f670-4a59-b693-da34e7f6eb47,Unknown
partnership,0.8428756,4783,3051e013-9e40-44cc-98e5-740e3238daaa,0,4783,Unknown,3051e013-9e40-44cc-98e5-740e3238daaa,Unknown
membership,0.8422807,e2816018-e01c-4eac-8dc5-e84aebc22cff,529,0,e2816018-e01c-4eac-8dc5-e84aebc22cff,Unknown,529,Unknown
ownership,0.86083233,49,d7f220de-bba2-4965-9c15-3dd38ef5c3c7,0,49,Unknown,d7f220de-bba2-4965-9c15-3dd38ef5c3c7,Unknown
family_relationship,0.8177763,49,b8567859-bf54-49fd-8332-5775e19c65af,0,49,Unknown,b8567859-bf54-49fd-8332-5775e19c65af,Unknown
membership,0.815713,d7f220de-bba2-4965-9c15-3dd38ef5c3c7,49,0,d7f220de-bba2-4965-9c15-3dd38ef5c3c7,Unknown,49,Unknown
ownership,0.812937,34,b605391a-2c84-4d59-98f0-d12fd185ec64,0,34,Unknown,b605391a-2c84-4d59-98f0-d12fd185ec64,Unknown
membership,0.9318348,e31b2b9c-3197-4c2c-ac40-3c6711a4682b,341411,0,e31b2b9c-3197-4c2c-ac40-3c6711a4682b,Unknown,341411,Unknown
ownership,0.84097266,5a52675e-1243-4244-ad55-85a06c4408de,128692,0,5a52675e-1243-4244-ad55-85a06c4408de,Unknown,128692,Unknown
ownership,0.86699265,5a52675e-1243-4244-ad55-85a06c4408de,5441,0,5a52675e-1243-4244-ad55-85a06c4408de,Unknown,5441,Unknown
ownership,0.8216632,5a52675e-1243-4244-ad55-85a06c4408de,199442,0,5a52675e-1243-4244-ad55-85a06c4408de,Unknown,199442,Unknown
membership,0.8362899,5a52675e-1243-4244-ad55-85a06c4408de,940161722,0,5a52675e-1243-4244-ad55-85a06c4408de,Unknown,940161722,Unknown
family_relationship,0.8040054,5a52675e-1243-4244-ad55-85a06c4408de,148766,0,5a52675e-1243-4244-ad55-85a06c4408de,Unknown,148766,Unknown
family_relationship,0.84783864,5a52675e-1243-4244-ad55-85a06c4408de,567857349,0,5a52675e-1243-4244-ad55-85a06c4408de,Unknown,567857349,Unknown
family_relationship,0.8299798,5a52675e-1243-4244-ad55-85a06c4408de,89772543,0,5a52675e-1243-4244-ad55-85a06c4408de,Unknown,89772543,Unknown
ownership,0.90820557,951093,dbb07e32-a8f4-47d0-ae61-c2e9774e9284,0,951093,Unknown,dbb07e32-a8f4-47d0-ae61-c2e9774e9284,Unknown
ownership,0.8766149,86590543,217fe70e-cc2d-4899-9127-e0a7da182699,0,86590543,Unknown,217fe70e-cc2d-4899-9127-e0a7da182699,Unknown
family_relationship,0.8109889,02cd44a1-7945-40d9-b38f-56f70976582c,7950,0,02cd44a1-7945-40d9-b38f-56f70976582c,Unknown,7950,Unknown
ownership,0.9436754,1076f239-831c-4c53-9134-484c8f2d5c73,2125,0,1076f239-831c-4c53-9134-484c8f2d5c73,Unknown,2125,Unknown
partnership,0.8024675,9e2e5adf-b6aa-4e7f-9af1-a899ceccfba6,7691,0,9e2e5adf-b6aa-4e7f-9af1-a899ceccfba6,Unknown,7691,Unknown
membership,0.9169807,40213337,88a1fe65-33d9-487a-a3ac-d4208f41b754,0,40213337,Unknown,88a1fe65-33d9-487a-a3ac-d4208f41b754,Unknown
family_relationship,0.86628413,40213337,b636c0f8-2ddf-42ad-9f9c-73bd48682561,0,40213337,Unknown,b636c0f8-2ddf-42ad-9f9c-73bd48682561,Unknown
family_relationship,0.89724106,8787,f21800ca-b3c9-404b-8438-3d75ea84c409,0,8787,Unknown,f21800ca-b3c9-404b-8438-3d75ea84c409,Unknown
membership,0.8860333,7691,2ad4f7ea-6f93-4a11-ace7-d7a4234bb991,0,7691,Unknown,2ad4f7ea-6f93-4a11-ace7-d7a4234bb991,Unknown
family_relationship,0.8766234,7691,b8f8208c-0388-484e-a700-b4c265170827,0,7691,Unknown,b8f8208c-0388-484e-a700-b4c265170827,Unknown
membership,0.837004,7691,b8567859-bf54-49fd-8332-5775e19c65af,0,7691,Unknown,b8567859-bf54-49fd-8332-5775e19c65af,Unknown
partnership,0.8814723,df365f60-c399-42f5-ad38-736145edef5e,4937447,0,df365f60-c399-42f5-ad38-736145edef5e,Unknown,4937447,Unknown
partnership,0.9131748,9786,52093e45-b873-4300-9612-8dfc291b1339,0,9786,Unknown,52093e45-b873-4300-9612-8dfc291b1339,Unknown
ownership,0.88659215,2243528,693c9865-5633-40a1-bcb6-3f0dd68a41c4,0,2243528,Unknown,693c9865-5633-40a1-bcb6-3f0dd68a41c4,Unknown
membership,0.8568078,553309,09e2222b-c13c-4a94-b1d9-b79238be0788,0,553309,Unknown,09e2222b-c13c-4a94-b1d9-b79238be0788,Unknown
membership,0.8582532,515270,09e2222b-c13c-4a94-b1d9-b79238be0788,0,515270,Unknown,09e2222b-c13c-4a94-b1d9-b79238be0788,Unknown
membership,0.8325032,42aea61e-a98f-4528-9f30-51624ecf3957,903311212,0,42aea61e-a98f-4528-9f30-51624ecf3957,Unknown,903311212,Unknown
family_relationship,0.8982054,7670,95c715ba-891e-4472-8e2a-4e746dcc266a,0,7670,Unknown,95c715ba-891e-4472-8e2a-4e746dcc266a,Unknown
partnership,0.8022316,7670,8ce9074f-2904-41ea-896a-5d932e06f54c,0,7670,Unknown,8ce9074f-2904-41ea-896a-5d932e06f54c,Unknown
ownership,0.86303735,22a2062d-03d8-48c3-9e91-9e5930b8d29f,128692,0,22a2062d-03d8-48c3-9e91-9e5930b8d29f,Unknown,128692,Unknown
ownership,0.87637216,22a2062d-03d8-48c3-9e91-9e5930b8d29f,5441,0,22a2062d-03d8-48c3-9e91-9e5930b8d29f,Unknown,5441,Unknown
partnership,0.8388489,22a2062d-03d8-48c3-9e91-9e5930b8d29f,199442,0,22a2062d-03d8-48c3-9e91-9e5930b8d29f,Unknown,199442,Unknown
partnership,0.8613247,22a2062d-03d8-48c3-9e91-9e5930b8d29f,160,0,22a2062d-03d8-48c3-9e91-9e5930b8d29f,Unknown,160,Unknown
ownership,0.8511512,ab195b55-453e-4436-ab0c-9f5660b4ec8c,128692,0,ab195b55-453e-4436-ab0c-9f5660b4ec8c,Unknown,128692,Unknown
ownership,0.87485576,ab195b55-453e-4436-ab0c-9f5660b4ec8c,5441,0,ab195b55-453e-4436-ab0c-9f5660b4ec8c,Unknown,5441,Unknown
ownership,0.8324959,ab195b55-453e-4436-ab0c-9f5660b4ec8c,199442,0,ab195b55-453e-4436-ab0c-9f5660b4ec8c,Unknown,199442,Unknown
ownership,0.82444894,13863,c1aeee2d-0030-4d85-b45c-ac3fd9887b98,0,13863,Unknown,c1aeee2d-0030-4d85-b45c-ac3fd9887b98,Unknown
ownership,0.81443036,19386200,e42f2b19-60d8-4df2-bb01-d2b42d134a26,0,19386200,Unknown,e42f2b19-60d8-4df2-bb01-d2b42d134a26,Unknown
ownership,0.86817974,cf651b3c-4e21-458c-91c4-3cae2eb36bcb,522017227,0,cf651b3c-4e21-458c-91c4-3cae2eb36bcb,Unknown,522017227,Unknown
ownership,0.8410687,cf651b3c-4e21-458c-91c4-3cae2eb36bcb,47679,0,cf651b3c-4e21-458c-91c4-3cae2eb36bcb,Unknown,47679,Unknown
family_relationship,0.8012775,17c99d9d-7049-4ebb-8a2a-f3d39cc42870,47679,0,17c99d9d-7049-4ebb-8a2a-f3d39cc42870,Unknown,47679,Unknown
ownership,0.8048147,17c99d9d-7049-4ebb-8a2a-f3d39cc42870,979893388,0,17c99d9d-7049-4ebb-8a2a-f3d39cc42870,Unknown,979893388,Unknown
family_relationship,0.86150974,abcb0d9c-80da-4491-99f3-e093984f5373,486,0,abcb0d9c-80da-4491-99f3-e093984f5373,Unknown,486,Unknown
membership,0.94453263,fc4e853f-6e18-4631-bf95-f70d6a30579f,341411,0,fc4e853f-6e18-4631-bf95-f70d6a30579f,Unknown,341411,Unknown
membership,0.8435557,6c7a8222-efc7-41a6-809a-043b091ae04a,451,0,6c7a8222-efc7-41a6-809a-043b091ae04a,Unknown,451,Unknown
partnership,0.9396654,6c7a8222-efc7-41a6-809a-043b091ae04a,64338295,0,6c7a8222-efc7-41a6-809a-043b091ae04a,Unknown,64338295,Unknown
ownership,0.85470366,6c7a8222-efc7-41a6-809a-043b091ae04a,81,0,6c7a8222-efc7-41a6-809a-043b091ae04a,Unknown,81,Unknown
partnership,0.81610113,767368152,c9b9c344-98ec-40b8-af05-8528e5d82534,0,767368152,Unknown,c9b9c344-98ec-40b8-af05-8528e5d82534,Unknown
family_relationship,0.93731225,a7f76d84-4ccf-424a-9bf9-fc20b862b7a8,142,0,a7f76d84-4ccf-424a-9bf9-fc20b862b7a8,Unknown,142,Unknown
family_relationship,0.8238831,a7f76d84-4ccf-424a-9bf9-fc20b862b7a8,3183,0,a7f76d84-4ccf-424a-9bf9-fc20b862b7a8,Unknown,3183,Unknown
ownership,0.9266084,a7f76d84-4ccf-424a-9bf9-fc20b862b7a8,6731,0,a7f76d84-4ccf-424a-9bf9-fc20b862b7a8,Unknown,6731,Unknown
ownership,0.9364325,a7f76d84-4ccf-424a-9bf9-fc20b862b7a8,372016989,0,a7f76d84-4ccf-424a-9bf9-fc20b862b7a8,Unknown,372016989,Unknown
membership,0.8274881,a7f76d84-4ccf-424a-9bf9-fc20b862b7a8,802113,0,a7f76d84-4ccf-424a-9bf9-fc20b862b7a8,Unknown,802113,Unknown
membership,0.84356815,a7f76d84-4ccf-424a-9bf9-fc20b862b7a8,49,0,a7f76d84-4ccf-424a-9bf9-fc20b862b7a8,Unknown,49,Unknown
partnership,0.8552741,802113,b28d568f-09b4-41bd-b04d-4cf255f1adc6,0,802113,Unknown,b28d568f-09b4-41bd-b04d-4cf255f1adc6,Unknown
partnership,0.85394025,372016989,b28d568f-09b4-41bd-b04d-4cf255f1adc6,0,372016989,Unknown,b28d568f-09b4-41bd-b04d-4cf255f1adc6,Unknown
membership,0.8909313,e8036bce-0679-41d2-aa7b-d444163ae65a,9488645,0,e8036bce-0679-41d2-aa7b-d444163ae65a,Unknown,9488645,Unknown
membership,0.8796692,aa1f466d-d060-40fa-ab0e-3f8bb2ca940f,750975,0,aa1f466d-d060-40fa-ab0e-3f8bb2ca940f,Unknown,750975,Unknown
membership,0.86130476,aa1f466d-d060-40fa-ab0e-3f8bb2ca940f,497,0,aa1f466d-d060-40fa-ab0e-3f8bb2ca940f,Unknown,497,Unknown
membership,0.81581515,f402c1d2-8262-4bae-aa92-c8675a7006fc,23837996,0,f402c1d2-8262-4bae-aa92-c8675a7006fc,Unknown,23837996,Unknown
membership,0.8394578,49729,d2948905-9121-400b-905f-e449bf8ca35e,0,49729,Unknown,d2948905-9121-400b-905f-e449bf8ca35e,Unknown
ownership,0.8506591,9209373,dff423b9-cf9a-4b0a-849f-ecb513924287,0,9209373,Unknown,dff423b9-cf9a-4b0a-849f-ecb513924287,Unknown
ownership,0.8711036,dff423b9-cf9a-4b0a-849f-ecb513924287,993137821,0,dff423b9-cf9a-4b0a-849f-ecb513924287,Unknown,993137821,Unknown
ownership,0.8969801,47967ccc-0e26-458d-b1e5-80e8668db714,7056336,0,47967ccc-0e26-458d-b1e5-80e8668db714,Unknown,7056336,Unknown
membership,0.89783645,47967ccc-0e26-458d-b1e5-80e8668db714,36322,0,47967ccc-0e26-458d-b1e5-80e8668db714,Unknown,36322,Unknown
partnership,0.8336734,c9b9c344-98ec-40b8-af05-8528e5d82534,927244,0,c9b9c344-98ec-40b8-af05-8528e5d82534,Unknown,927244,Unknown
ownership,0.8529009,c9b9c344-98ec-40b8-af05-8528e5d82534,48,0,c9b9c344-98ec-40b8-af05-8528e5d82534,Unknown,48,Unknown
ownership,0.8561421,c9b9c344-98ec-40b8-af05-8528e5d82534,662118,0,c9b9c344-98ec-40b8-af05-8528e5d82534,Unknown,662118,Unknown
membership,0.8588973,e53552bc-174b-4799-b96b-c23cfa0731cb,9166,0,e53552bc-174b-4799-b96b-c23cfa0731cb,Unknown,9166,Unknown
family_relationship,0.84640205,e53552bc-174b-4799-b96b-c23cfa0731cb,5337,0,e53552bc-174b-4799-b96b-c23cfa0731cb,Unknown,5337,Unknown
family_relationship,0.88288784,e53552bc-174b-4799-b96b-c23cfa0731cb,637608,0,e53552bc-174b-4799-b96b-c23cfa0731cb,Unknown,637608,Unknown
partnership,0.82813215,87ea830d-be41-4317-8b1b-142f23da70d7,662118,0,87ea830d-be41-4317-8b1b-142f23da70d7,Unknown,662118,Unknown
family_relationship,0.822751,c14a3dc1-59d0-4b92-b9f3-331e51912787,979893388,0,c14a3dc1-59d0-4b92-b9f3-331e51912787,Unknown,979893388,Unknown
partnership,0.9277529,52093e45-b873-4300-9612-8dfc291b1339,200640636,0,52093e45-b873-4300-9612-8dfc291b1339,Unknown,200640636,Unknown
partnership,0.9256498,52093e45-b873-4300-9612-8dfc291b1339,3506021,0,52093e45-b873-4300-9612-8dfc291b1339,Unknown,3506021,Unknown
partnership,0.900681,52093e45-b873-4300-9612-8dfc291b1339,300668979,0,52093e45-b873-4300-9612-8dfc291b1339,Unknown,300668979,Unknown
family_relationship,0.9063399,2ceda972-c633-4a88-bbe8-a4fe48cb5555,9786,0,2ceda972-c633-4a88-bbe8-a4fe48cb5555,Unknown,9786,Unknown
family_relationship,0.8265621,2ceda972-c633-4a88-bbe8-a4fe48cb5555,83,0,2ceda972-c633-4a88-bbe8-a4fe48cb5555,Unknown,83,Unknown
membership,0.9351552,555217629,f59ca3ce-7fea-4a6b-893b-486565a8ab18,0,555217629,Unknown,f59ca3ce-7fea-4a6b-893b-486565a8ab18,Unknown
ownership,0.9114963,555217629,5e6b70db-a04a-4440-8991-3a92b5c4ac4d,0,555217629,Unknown,5e6b70db-a04a-4440-8991-3a92b5c4ac4d,Unknown
membership,0.8324787,555217629,b1a0ee2a-0e6d-48c2-b639-032e4648fa5c,0,555217629,Unknown,b1a0ee2a-0e6d-48c2-b639-032e4648fa5c,Unknown
membership,0.82277006,555217629,da75877e-ec57-42cc-82b9-de68c8d333e7,0,555217629,Unknown,da75877e-ec57-42cc-82b9-de68c8d333e7,Unknown
membership,0.897328,e678510b-947d-455a-8eb0-44d1009682ec,9237588,0,e678510b-947d-455a-8eb0-44d1009682ec,Unknown,9237588,Unknown
membership,0.8727544,e678510b-947d-455a-8eb0-44d1009682ec,1039,0,e678510b-947d-455a-8eb0-44d1009682ec,Unknown,1039,Unknown
membership,0.9063263,e678510b-947d-455a-8eb0-44d1009682ec,903311212,0,e678510b-947d-455a-8eb0-44d1009682ec,Unknown,903311212,Unknown
partnership,0.8741458,e678510b-947d-455a-8eb0-44d1009682ec,903311212,1,e678510b-947d-455a-8eb0-44d1009682ec,Unknown,903311212,Unknown
partnership,0.9511675,ad8fe467-3759-4f53-bf6a-896a237d187f,90,0,ad8fe467-3759-4f53-bf6a-896a237d187f,Unknown,90,Unknown
partnership,0.9511675,ad8fe467-3759-4f53-bf6a-896a237d187f,90,0,ad8fe467-3759-4f53-bf6a-896a237d187f,Unknown,90,Unknown
family_relationship,0.9028851,ad8fe467-3759-4f53-bf6a-896a237d187f,979893388,0,ad8fe467-3759-4f53-bf6a-896a237d187f,Unknown,979893388,Unknown
ownership,0.8947316,25125567,f7a4114d-d1ca-44df-a7e0-c72e440671ba,0,25125567,Unknown,f7a4114d-d1ca-44df-a7e0-c72e440671ba,Unknown
ownership,0.83605283,25125567,f9f6fc72-83db-4c44-a818-dde6c33985f9,0,25125567,Unknown,f9f6fc72-83db-4c44-a818-dde6c33985f9,Unknown
partnership,0.9602492,33681303,0c0ae060-2543-4d7e-bed0-e7fab24ba6a5,0,33681303,Unknown,0c0ae060-2543-4d7e-bed0-e7fab24ba6a5,Unknown
family_relationship,0.8349847,138782226,41870892-4565-42cd-9374-8665d01e9aa9,0,138782226,Unknown,41870892-4565-42cd-9374-8665d01e9aa9,Unknown
family_relationship,0.8383452,7908385,47bd4f34-d0af-41f0-88c5-eb9d4fde440c,0,7908385,Unknown,47bd4f34-d0af-41f0-88c5-eb9d4fde440c,Unknown
membership,0.9066244,e13aca6a-88b5-4be7-a293-4a57854d7b1d,903311212,0,e13aca6a-88b5-4be7-a293-4a57854d7b1d,Unknown,903311212,Unknown
partnership,0.9013529,979893388,019d89a8-36be-4402-bf3c-d13cb982cf3f,0,979893388,Unknown,019d89a8-36be-4402-bf3c-d13cb982cf3f,Unknown
partnership,0.9087362,979893388,c01c6a10-60c9-4f11-9409-aa04c3963826,0,979893388,Unknown,c01c6a10-60c9-4f11-9409-aa04c3963826,Unknown
membership,0.8050555,979893388,b1a0ee2a-0e6d-48c2-b639-032e4648fa5c,0,979893388,Unknown,b1a0ee2a-0e6d-48c2-b639-032e4648fa5c,Unknown
family_relationship,0.82122797,e1d7b4ac-ed31-42a4-9375-4afb0f78f276,979893388,0,e1d7b4ac-ed31-42a4-9375-4afb0f78f276,Unknown,979893388,Unknown
ownership,0.8723274,67a59fab-710a-4992-b6d0-d581fd9dceba,7298083,0,67a59fab-710a-4992-b6d0-d581fd9dceba,Unknown,7298083,Unknown
ownership,0.8215995,67a59fab-710a-4992-b6d0-d581fd9dceba,49494,0,67a59fab-710a-4992-b6d0-d581fd9dceba,Unknown,49494,Unknown
membership,0.8601455,67a59fab-710a-4992-b6d0-d581fd9dceba,979893388,0,67a59fab-710a-4992-b6d0-d581fd9dceba,Unknown,979893388,Unknown
family_relationship,0.8420995,ec1b111d-b9eb-4eef-ab00-ff7124cca480,2262,0,ec1b111d-b9eb-4eef-ab00-ff7124cca480,Unknown,2262,Unknown
membership,0.8242518,ec1b111d-b9eb-4eef-ab00-ff7124cca480,97,0,ec1b111d-b9eb-4eef-ab00-ff7124cca480,Unknown,97,Unknown
family_relationship,0.8913435,ec1b111d-b9eb-4eef-ab00-ff7124cca480,71755,0,ec1b111d-b9eb-4eef-ab00-ff7124cca480,Unknown,71755,Unknown
partnership,0.82523155,f2aee915-d483-4823-a030-9aac5e44c1fe,924,0,f2aee915-d483-4823-a030-9aac5e44c1fe,Unknown,924,Unknown
partnership,0.8644211,f2aee915-d483-4823-a030-9aac5e44c1fe,254340176,0,f2aee915-d483-4823-a030-9aac5e44c1fe,Unknown,254340176,Unknown
partnership,0.84099805,f2aee915-d483-4823-a030-9aac5e44c1fe,119411,0,f2aee915-d483-4823-a030-9aac5e44c1fe,Unknown,119411,Unknown
membership,0.9705094,1094345,0f952ad7-6ecb-472e-8a30-895501a0e8c8,0,1094345,Unknown,0f952ad7-6ecb-472e-8a30-895501a0e8c8,Unknown
membership,0.9100567,1094345,d2948905-9121-400b-905f-e449bf8ca35e,0,1094345,Unknown,d2948905-9121-400b-905f-e449bf8ca35e,Unknown
family_relationship,0.80129045,119411,1416a29d-3719-45d6-95a8-782c4e281908,0,119411,Unknown,1416a29d-3719-45d6-95a8-782c4e281908,Unknown
partnership,0.8701169,119411,c01c6a10-60c9-4f11-9409-aa04c3963826,0,119411,Unknown,c01c6a10-60c9-4f11-9409-aa04c3963826,Unknown
family_relationship,0.8041158,119411,da243ebe-ea98-4510-a6a8-add6679f9d1a,0,119411,Unknown,da243ebe-ea98-4510-a6a8-add6679f9d1a,Unknown
membership,0.8359389,8041aa28-8c50-4083-a528-469c0c6251d9,98332,0,8041aa28-8c50-4083-a528-469c0c6251d9,Unknown,98332,Unknown
partnership,0.91163015,8041aa28-8c50-4083-a528-469c0c6251d9,43685541,0,8041aa28-8c50-4083-a528-469c0c6251d9,Unknown,43685541,Unknown
partnership,0.85961914,8041aa28-8c50-4083-a528-469c0c6251d9,79538,0,8041aa28-8c50-4083-a528-469c0c6251d9,Unknown,79538,Unknown
membership,0.9572507,8041aa28-8c50-4083-a528-469c0c6251d9,4962642,0,8041aa28-8c50-4083-a528-469c0c6251d9,Unknown,4962642,Unknown
ownership,0.8398976,2a282617-d174-409c-b0b1-490fdc369335,265494227,0,2a282617-d174-409c-b0b1-490fdc369335,Unknown,265494227,Unknown
membership,0.89408875,2a282617-d174-409c-b0b1-490fdc369335,64124835,0,2a282617-d174-409c-b0b1-490fdc369335,Unknown,64124835,Unknown
membership,0.85141265,2a282617-d174-409c-b0b1-490fdc369335,3506021,0,2a282617-d174-409c-b0b1-490fdc369335,Unknown,3506021,Unknown
membership,0.87478644,2a282617-d174-409c-b0b1-490fdc369335,185040354,0,2a282617-d174-409c-b0b1-490fdc369335,Unknown,185040354,Unknown
family_relationship,0.8246832,a39483f8-121a-4c18-9b20-9e0d2cba52e9,0,0,a39483f8-121a-4c18-9b20-9e0d2cba52e9,Unknown,0,Unknown
membership,0.95096976,13,36b70b18-465a-442f-bfbe-cedb85d48acc,0,13,Unknown,36b70b18-465a-442f-bfbe-cedb85d48acc,Unknown
family_relationship,0.8771941,1360,46aadaa6-fb30-4474-a060-3adb689f4189,0,1360,Unknown,46aadaa6-fb30-4474-a060-3adb689f4189,Unknown
family_relationship,0.86458933,76568,c682ec16-cd10-4a6c-94ce-4a5eb590b42e,0,76568,Unknown,c682ec16-cd10-4a6c-94ce-4a5eb590b42e,Unknown
family_relationship,0.8266631,76568,1aa47ffc-05a8-4edd-a8e0-94c10b650bd8,0,76568,Unknown,1aa47ffc-05a8-4edd-a8e0-94c10b650bd8,Unknown
membership,0.88481677,c682ec16-cd10-4a6c-94ce-4a5eb590b42e,76568,0,c682ec16-cd10-4a6c-94ce-4a5eb590b42e,Unknown,76568,Unknown
partnership,0.8883073,6335187,6c348030-e9d4-4ddc-8ec8-30ac227c6a14,0,6335187,Unknown,6c348030-e9d4-4ddc-8ec8-30ac227c6a14,Unknown
membership,0.80725205,6391,77b46bc7-7e31-41a0-973c-e633011d21b0,0,6391,Unknown,77b46bc7-7e31-41a0-973c-e633011d21b0,Unknown
membership,0.86137664,3782,ad8fe467-3759-4f53-bf6a-896a237d187f,0,3782,Unknown,ad8fe467-3759-4f53-bf6a-896a237d187f,Unknown
membership,0.8476529,3782,f205ff1a-8798-48b7-b535-ad87b9756220,0,3782,Unknown,f205ff1a-8798-48b7-b535-ad87b9756220,Unknown
family_relationship,0.9219552,3782,b8567859-bf54-49fd-8332-5775e19c65af,0,3782,Unknown,b8567859-bf54-49fd-8332-5775e19c65af,Unknown
family_relationship,0.91808957,7441,b8567859-bf54-49fd-8332-5775e19c65af,0,7441,Unknown,b8567859-bf54-49fd-8332-5775e19c65af,Unknown
membership,0.8504435,613465161,b47086b0-e225-436a-83b1-2cf5cda4dbd5,0,613465161,Unknown,b47086b0-e225-436a-83b1-2cf5cda4dbd5,Unknown
ownership,0.91137975,884648,67a59fab-710a-4992-b6d0-d581fd9dceba,0,884648,Unknown,67a59fab-710a-4992-b6d0-d581fd9dceba,Unknown
ownership,0.8102333,67f3755e-7f86-40a1-ae17-998d50a3e772,631919,0,67f3755e-7f86-40a1-ae17-998d50a3e772,Unknown,631919,Unknown
family_relationship,0.8785685,6038,f7a4114d-d1ca-44df-a7e0-c72e440671ba,0,6038,Unknown,f7a4114d-d1ca-44df-a7e0-c72e440671ba,Unknown
partnership,0.9262667,767,b8567859-bf54-49fd-8332-5775e19c65af,0,767,Unknown,b8567859-bf54-49fd-8332-5775e19c65af,Unknown
ownership,0.802515,54217974,b8567859-bf54-49fd-8332-5775e19c65af,0,54217974,Unknown,b8567859-bf54-49fd-8332-5775e19c65af,Unknown
membership,0.904229,e5e2e269-ccc5-4e16-88a8-e909c1fa32db,7908385,0,e5e2e269-ccc5-4e16-88a8-e909c1fa32db,Unknown,7908385,Unknown
ownership,0.8722045,e5e2e269-ccc5-4e16-88a8-e909c1fa32db,458785,0,e5e2e269-ccc5-4e16-88a8-e909c1fa32db,Unknown,458785,Unknown
membership,0.8155087,e5e2e269-ccc5-4e16-88a8-e909c1fa32db,83818120,0,e5e2e269-ccc5-4e16-88a8-e909c1fa32db,Unknown,83818120,Unknown
family_relationship,0.8089655,4258240,f21800ca-b3c9-404b-8438-3d75ea84c409,0,4258240,Unknown,f21800ca-b3c9-404b-8438-3d75ea84c409,Unknown
ownership,0.8530747,891,a96730cc-485e-46be-aba4-339442bacd8d,0,891,Unknown,a96730cc-485e-46be-aba4-339442bacd8d,Unknown
ownership,0.80243474,891,a7948099-0cab-4b80-8707-2ada931ac288,0,891,Unknown,a7948099-0cab-4b80-8707-2ada931ac288,Unknown
membership,0.86249447,7480,d0123474-8425-4ab0-90d5-175920158638,0,7480,Unknown,d0123474-8425-4ab0-90d5-175920158638,Unknown
family_relationship,0.8753295,2679,8153f5cb-e1f7-49bb-91bb-24b3a296a40a,0,2679,Unknown,8153f5cb-e1f7-49bb-91bb-24b3a296a40a,Unknown
ownership,0.8250622,97836b65-db6a-43bf-9467-cf57d84645ff,967,0,97836b65-db6a-43bf-9467-cf57d84645ff,Unknown,967,Unknown
ownership,0.8083857,97836b65-db6a-43bf-9467-cf57d84645ff,903311212,0,97836b65-db6a-43bf-9467-cf57d84645ff,Unknown,903311212,Unknown
membership,0.88903075,46,65fea097-e838-4be6-9889-83f5361fe777,0,46,Unknown,65fea097-e838-4be6-9889-83f5361fe777,Unknown
membership,0.88135463,46,b8567859-bf54-49fd-8332-5775e19c65af,0,46,Unknown,b8567859-bf54-49fd-8332-5775e19c65af,Unknown
family_relationship,0.88392746,122245,6ed1a821-e669-41f4-8a02-df4c818ff22e,0,122245,Unknown,6ed1a821-e669-41f4-8a02-df4c818ff22e,Unknown
membership,0.84312,72875,1da2bc5a-e590-41c9-9982-2ade48dfc426,0,72875,Unknown,1da2bc5a-e590-41c9-9982-2ade48dfc426,Unknown
family_relationship,0.86465234,160,14bda3bb-9993-4265-97cc-1747808c144e,0,160,Unknown,14bda3bb-9993-4265-97cc-1747808c144e,Unknown
ownership,0.8287366,160,41870892-4565-42cd-9374-8665d01e9aa9,0,160,Unknown,41870892-4565-42cd-9374-8665d01e9aa9,Unknown
ownership,0.8202882,160,ab195b55-453e-4436-ab0c-9f5660b4ec8c,0,160,Unknown,ab195b55-453e-4436-ab0c-9f5660b4ec8c,Unknown
ownership,0.8306642,160,22a2062d-03d8-48c3-9e91-9e5930b8d29f,0,160,Unknown,22a2062d-03d8-48c3-9e91-9e5930b8d29f,Unknown
membership,0.81010115,160,0ae94787-4593-4139-848d-9174ea13ac23,0,160,Unknown,0ae94787-4593-4139-848d-9174ea13ac23,Unknown
ownership,0.85191125,160,45ff391d-0f6a-4ee4-abe6-8b06d07dbfd6,0,160,Unknown,45ff391d-0f6a-4ee4-abe6-8b06d07dbfd6,Unknown
ownership,0.8002448,160,0d1c7ce3-7243-47c0-9280-a3262b52dc0f,0,160,Unknown,0d1c7ce3-7243-47c0-9280-a3262b52dc0f,Unknown
ownership,0.82530385,160,7f3d323d-54e3-49f8-9c28-7aa5cb4c7248,0,160,Unknown,7f3d323d-54e3-49f8-9c28-7aa5cb4c7248,Unknown
membership,0.81666505,160,b1a0ee2a-0e6d-48c2-b639-032e4648fa5c,0,160,Unknown,b1a0ee2a-0e6d-48c2-b639-032e4648fa5c,Unknown
membership,0.85433364,160,2ade0908-d1c9-45de-9dbb-3dfec75d9317,0,160,Unknown,2ade0908-d1c9-45de-9dbb-3dfec75d9317,Unknown
membership,0.92949647,160,6d345854-f864-4194-85d2-047e66332dca,0,160,Unknown,6d345854-f864-4194-85d2-047e66332dca,Unknown
family_relationship,0.8226296,160,6ed1a821-e669-41f4-8a02-df4c818ff22e,0,160,Unknown,6ed1a821-e669-41f4-8a02-df4c818ff22e,Unknown
family_relationship,0.85541975,47,8153f5cb-e1f7-49bb-91bb-24b3a296a40a,0,47,Unknown,8153f5cb-e1f7-49bb-91bb-24b3a296a40a,Unknown
ownership,0.80732626,8226730,5b199218-6513-430b-8e56-8aa1d83456a3,0,8226730,Unknown,5b199218-6513-430b-8e56-8aa1d83456a3,Unknown
ownership,0.85543203,cc6cf3e0-5794-4497-a31d-79b4db1b55a9,9280,0,cc6cf3e0-5794-4497-a31d-79b4db1b55a9,Unknown,9280,Unknown
ownership,0.94859374,408119,6ead18ca-3084-4f8e-9c1e-a5e470fc5935,0,408119,Unknown,6ead18ca-3084-4f8e-9c1e-a5e470fc5935,Unknown
ownership,0.85708255,6ead18ca-3084-4f8e-9c1e-a5e470fc5935,48259,0,6ead18ca-3084-4f8e-9c1e-a5e470fc5935,Unknown,48259,Unknown
partnership,0.85585445,6ead18ca-3084-4f8e-9c1e-a5e470fc5935,59,0,6ead18ca-3084-4f8e-9c1e-a5e470fc5935,Unknown,59,Unknown
partnership,0.9364171,6ead18ca-3084-4f8e-9c1e-a5e470fc5935,143129355,0,6ead18ca-3084-4f8e-9c1e-a5e470fc5935,Unknown,143129355,Unknown
ownership,0.88466877,604905,ae19b5a7-4f70-4366-98ad-819e3009aeca,0,604905,Unknown,ae19b5a7-4f70-4366-98ad-819e3009aeca,Unknown
ownership,0.89048684,784221,ae19b5a7-4f70-4366-98ad-819e3009aeca,0,784221,Unknown,ae19b5a7-4f70-4366-98ad-819e3009aeca,Unknown
membership,0.88633054,784221,64c45541-e00b-423c-bc7d-238aa3a4d3ad,0,784221,Unknown,64c45541-e00b-423c-bc7d-238aa3a4d3ad,Unknown
ownership,0.86898476,ae19b5a7-4f70-4366-98ad-819e3009aeca,199442,0,ae19b5a7-4f70-4366-98ad-819e3009aeca,Unknown,199442,Unknown
membership,0.8058013,d4947401-8ec7-48b9-a66f-45d983d59e0a,23837996,0,d4947401-8ec7-48b9-a66f-45d983d59e0a,Unknown,23837996,Unknown
partnership,0.8725126,d4947401-8ec7-48b9-a66f-45d983d59e0a,59662085,0,d4947401-8ec7-48b9-a66f-45d983d59e0a,Unknown,59662085,Unknown
partnership,0.8801273,d4947401-8ec7-48b9-a66f-45d983d59e0a,68273,0,d4947401-8ec7-48b9-a66f-45d983d59e0a,Unknown,68273,Unknown
membership,0.89360654,d4947401-8ec7-48b9-a66f-45d983d59e0a,34,0,d4947401-8ec7-48b9-a66f-45d983d59e0a,Unknown,34,Unknown
partnership,0.8308485,d4947401-8ec7-48b9-a66f-45d983d59e0a,903311212,0,d4947401-8ec7-48b9-a66f-45d983d59e0a,Unknown,903311212,Unknown
membership,0.883696,5680682,c82d3e99-b297-484e-a28a-76cba8d515cc,0,5680682,Unknown,c82d3e99-b297-484e-a28a-76cba8d515cc,Unknown
membership,0.84859174,23f52980-e4f4-43da-ac02-9c1eef637751,30141220,0,23f52980-e4f4-43da-ac02-9c1eef637751,Unknown,30141220,Unknown
membership,0.82693434,23f52980-e4f4-43da-ac02-9c1eef637751,90192265,0,23f52980-e4f4-43da-ac02-9c1eef637751,Unknown,90192265,Unknown
membership,0.84995043,da7677f8-d1f0-4e35-afe9-4240613e866b,48115,0,da7677f8-d1f0-4e35-afe9-4240613e866b,Unknown,48115,Unknown
family_relationship,0.8862317,903311212,165e0fe7-6725-4f4c-abc1-3ef485a939b0,0,903311212,Unknown,165e0fe7-6725-4f4c-abc1-3ef485a939b0,Unknown
ownership,0.85733896,903311212,88e9e7e8-3edf-4fd4-959d-8ec4f53e59d6,0,903311212,Unknown,88e9e7e8-3edf-4fd4-959d-8ec4f53e59d6,Unknown
family_relationship,0.8453889,903311212,f7a4114d-d1ca-44df-a7e0-c72e440671ba,0,903311212,Unknown,f7a4114d-d1ca-44df-a7e0-c72e440671ba,Unknown
membership,0.80093277,903311212,e09b64a2-397a-4bec-96a1-7d61479fe37a,0,903311212,Unknown,e09b64a2-397a-4bec-96a1-7d61479fe37a,Unknown
membership,0.88991827,903311212,e916e286-85e5-4a43-b2ef-89ad5260ebdc,0,903311212,Unknown,e916e286-85e5-4a43-b2ef-89ad5260ebdc,Unknown
ownership,0.8381799,903311212,4562fe84-0188-47fd-8e27-67380da0079c,0,903311212,Unknown,4562fe84-0188-47fd-8e27-67380da0079c,Unknown
family_relationship,0.8104229,903311212,41870892-4565-42cd-9374-8665d01e9aa9,0,903311212,Unknown,41870892-4565-42cd-9374-8665d01e9aa9,Unknown
membership,0.8416894,903311212,5025f249-0b3c-4741-a7aa-090d93395acf,0,903311212,Unknown,5025f249-0b3c-4741-a7aa-090d93395acf,Unknown
membership,0.9047118,903311212,aac2c35c-d06d-45df-a1f8-a0c4001f3897,0,903311212,Unknown,aac2c35c-d06d-45df-a1f8-a0c4001f3897,Unknown
membership,0.84811383,903311212,d025bbec-393d-4f51-94b3-01b77280ef31,0,903311212,Unknown,d025bbec-393d-4f51-94b3-01b77280ef31,Unknown
membership,0.920269,903311212,6083f325-5f17-4d41-9c22-f188f55ea9f3,0,903311212,Unknown,6083f325-5f17-4d41-9c22-f188f55ea9f3,Unknown
ownership,0.8135335,903311212,8bdf21e8-914b-4fe2-9280-0a69b9b0175d,0,903311212,Unknown,8bdf21e8-914b-4fe2-9280-0a69b9b0175d,Unknown
membership,0.8467883,903311212,c82d3e99-b297-484e-a28a-76cba8d515cc,0,903311212,Unknown,c82d3e99-b297-484e-a28a-76cba8d515cc,Unknown
membership,0.8306597,903311212,06c85abe-f160-4a9f-bfb2-d58099a6be80,0,903311212,Unknown,06c85abe-f160-4a9f-bfb2-d58099a6be80,Unknown
family_relationship,0.8503903,903311212,bc507d7c-29c9-4b0d-909e-52dd450a25d3,0,903311212,Unknown,bc507d7c-29c9-4b0d-909e-52dd450a25d3,Unknown
partnership,0.81202924,903311212,961bafd7-8d2b-405a-9c79-0f5345498cab,0,903311212,Unknown,961bafd7-8d2b-405a-9c79-0f5345498cab,Unknown
membership,0.94645536,903311212,011ad1ae-ae1b-4c74-9f58-c020e6a3e836,0,903311212,Unknown,011ad1ae-ae1b-4c74-9f58-c020e6a3e836,Unknown
membership,0.8452344,1710a32e-7a58-4d7f-9c5e-bf897b7419a3,903311212,0,1710a32e-7a58-4d7f-9c5e-bf897b7419a3,Unknown,903311212,Unknown
membership,0.8237167,04eab3c4-ed99-467b-8844-b5279a6b955e,903311212,0,04eab3c4-ed99-467b-8844-b5279a6b955e,Unknown,903311212,Unknown
ownership,0.8746337,19471,738338ba-deef-4364-bedf-707a8cbf9a55,0,19471,Unknown,738338ba-deef-4364-bedf-707a8cbf9a55,Unknown
membership,0.90928805,720,fdcbe098-dbe6-4e52-8bd7-96cf3ae30101,0,720,Unknown,fdcbe098-dbe6-4e52-8bd7-96cf3ae30101,Unknown
membership,0.93975604,ffc679cd-57ac-4846-b023-8be73ca754fa,555217629,0,ffc679cd-57ac-4846-b023-8be73ca754fa,Unknown,555217629,Unknown
membership,0.8100088,85b8a8cf-7f07-4bab-8b44-1d79940aab8d,933754160,0,85b8a8cf-7f07-4bab-8b44-1d79940aab8d,Unknown,933754160,Unknown
family_relationship,0.8535584,614,f1e84016-0f09-4907-a777-a6bb02b5f419,0,614,Unknown,f1e84016-0f09-4907-a777-a6bb02b5f419,Unknown
family_relationship,0.8631744,802775,f1e84016-0f09-4907-a777-a6bb02b5f419,0,802775,Unknown,f1e84016-0f09-4907-a777-a6bb02b5f419,Unknown
family_relationship,0.93704295,3857345,5ede75fe-f670-4a59-b693-da34e7f6eb47,0,3857345,Unknown,5ede75fe-f670-4a59-b693-da34e7f6eb47,Unknown
ownership,0.80934864,634ac4e7-12af-494f-95f5-cd853363525f,7950,0,634ac4e7-12af-494f-95f5-cd853363525f,Unknown,7950,Unknown
ownership,0.880913,634ac4e7-12af-494f-95f5-cd853363525f,111795162,0,634ac4e7-12af-494f-95f5-cd853363525f,Unknown,111795162,Unknown
membership,0.8516058,80737369,1dfb2440-85dc-4f0c-914f-e18498e6cd1b,0,80737369,Unknown,1dfb2440-85dc-4f0c-914f-e18498e6cd1b,Unknown
membership,0.90698254,6980,06c85abe-f160-4a9f-bfb2-d58099a6be80,0,6980,Unknown,06c85abe-f160-4a9f-bfb2-d58099a6be80,Unknown
membership,0.9192837,dbb07e32-a8f4-47d0-ae61-c2e9774e9284,382825160,0,dbb07e32-a8f4-47d0-ae61-c2e9774e9284,Unknown,382825160,Unknown
family_relationship,0.81842667,303934,df76b4cf-1019-4768-93cd-27122ef3bacc,0,303934,Unknown,df76b4cf-1019-4768-93cd-27122ef3bacc,Unknown
partnership,0.80817825,1a2ebb93-1c85-4f40-abb1-cff639788678,1,0,1a2ebb93-1c85-4f40-abb1-cff639788678,Unknown,1,Unknown
family_relationship,0.8560791,39995740,f21800ca-b3c9-404b-8438-3d75ea84c409,0,39995740,Unknown,f21800ca-b3c9-404b-8438-3d75ea84c409,Unknown
ownership,0.8354406,cd2685a2-fce5-49ee-8ca7-b9faa081d190,49494,0,cd2685a2-fce5-49ee-8ca7-b9faa081d190,Unknown,49494,Unknown
family_relationship,0.86477214,cd2685a2-fce5-49ee-8ca7-b9faa081d190,23,0,cd2685a2-fce5-49ee-8ca7-b9faa081d190,Unknown,23,Unknown
family_relationship,0.86477214,cd2685a2-fce5-49ee-8ca7-b9faa081d190,23,0,cd2685a2-fce5-49ee-8ca7-b9faa081d190,Unknown,23,Unknown
partnership,0.8856234,93,e95a9547-3611-4e86-adbe-9aa55dbff21f,0,93,Unknown,e95a9547-3611-4e86-adbe-9aa55dbff21f,Unknown
partnership,0.8856234,93,e95a9547-3611-4e86-adbe-9aa55dbff21f,0,93,Unknown,e95a9547-3611-4e86-adbe-9aa55dbff21f,Unknown
ownership,0.83849955,416dab02-bf67-48af-a99b-c691339dc5e0,908724,0,416dab02-bf67-48af-a99b-c691339dc5e0,Unknown,908724,Unknown
ownership,0.81661075,25a765f4-b6d0-4588-9a7a-0798de847cfd,908724,0,25a765f4-b6d0-4588-9a7a-0798de847cfd,Unknown,908724,Unknown
ownership,0.82259643,8967466,b3de0895-285e-4ea8-99bb-ffdc763f7038,0,8967466,Unknown,b3de0895-285e-4ea8-99bb-ffdc763f7038,Unknown
ownership,0.8787095,8967466,a8330af0-375f-4fcb-9171-9628b26b1808,0,8967466,Unknown,a8330af0-375f-4fcb-9171-9628b26b1808,Unknown
partnership,0.9286229,abb62f7c-234a-46d7-b3bb-8f7b4771618c,6758207,0,abb62f7c-234a-46d7-b3bb-8f7b4771618c,Unknown,6758207,Unknown
partnership,0.8174132,418382,6c348030-e9d4-4ddc-8ec8-30ac227c6a14,0,418382,Unknown,6c348030-e9d4-4ddc-8ec8-30ac227c6a14,Unknown
partnership,0.8166897,1252007,6c348030-e9d4-4ddc-8ec8-30ac227c6a14,0,1252007,Unknown,6c348030-e9d4-4ddc-8ec8-30ac227c6a14,Unknown
partnership,0.86457163,6c348030-e9d4-4ddc-8ec8-30ac227c6a14,565431,0,6c348030-e9d4-4ddc-8ec8-30ac227c6a14,Unknown,565431,Unknown
partnership,0.89333767,6c348030-e9d4-4ddc-8ec8-30ac227c6a14,16927047,0,6c348030-e9d4-4ddc-8ec8-30ac227c6a14,Unknown,16927047,Unknown
partnership,0.9039959,6c348030-e9d4-4ddc-8ec8-30ac227c6a14,30041,0,6c348030-e9d4-4ddc-8ec8-30ac227c6a14,Unknown,30041,Unknown
partnership,0.91075456,6c348030-e9d4-4ddc-8ec8-30ac227c6a14,6471708,0,6c348030-e9d4-4ddc-8ec8-30ac227c6a14,Unknown,6471708,Unknown
partnership,0.90241754,6c348030-e9d4-4ddc-8ec8-30ac227c6a14,520673,0,6c348030-e9d4-4ddc-8ec8-30ac227c6a14,Unknown,520673,Unknown
partnership,0.938069,6c348030-e9d4-4ddc-8ec8-30ac227c6a14,7490484,0,6c348030-e9d4-4ddc-8ec8-30ac227c6a14,Unknown,7490484,Unknown
membership,0.8642422,c97073d1-61a4-4a06-a189-8b4642a699e1,120,0,c97073d1-61a4-4a06-a189-8b4642a699e1,Unknown,120,Unknown
ownership,0.8235028,369,5890393d-3bb2-4f08-a460-4aa025e28de0,0,369,Unknown,5890393d-3bb2-4f08-a460-4aa025e28de0,Unknown
membership,0.8899333,96c31987-d50d-4680-9397-2a9d0e3946e1,40213337,0,96c31987-d50d-4680-9397-2a9d0e3946e1,Unknown,40213337,Unknown
partnership,0.8177445,c0ea9f29-9987-490f-bc96-d2a5718c1636,949,0,c0ea9f29-9987-490f-bc96-d2a5718c1636,Unknown,949,Unknown
family_relationship,0.87393034,730397695,41870892-4565-42cd-9374-8665d01e9aa9,0,730397695,Unknown,41870892-4565-42cd-9374-8665d01e9aa9,Unknown
membership,0.91701704,90,ad8fe467-3759-4f53-bf6a-896a237d187f,0,90,Unknown,ad8fe467-3759-4f53-bf6a-896a237d187f,Unknown
membership,0.91701704,90,ad8fe467-3759-4f53-bf6a-896a237d187f,0,90,Unknown,ad8fe467-3759-4f53-bf6a-896a237d187f,Unknown
partnership,0.83590764,5421,b840c9bf-2a5b-416c-91d9-1ecdd96425ab,0,5421,Unknown,b840c9bf-2a5b-416c-91d9-1ecdd96425ab,Unknown
partnership,0.88802457,5421,4eddaaa4-6306-467e-a7f4-27a58559e535,0,5421,Unknown,4eddaaa4-6306-467e-a7f4-27a58559e535,Unknown
membership,0.8849668,019d89a8-36be-4402-bf3c-d13cb982cf3f,90,0,019d89a8-36be-4402-bf3c-d13cb982cf3f,Unknown,90,Unknown
membership,0.8849668,019d89a8-36be-4402-bf3c-d13cb982cf3f,90,0,019d89a8-36be-4402-bf3c-d13cb982cf3f,Unknown,90,Unknown
partnership,0.92319393,6f59e8d7-8f5d-4a7d-a3a4-50ddcb7ad9ad,90,0,6f59e8d7-8f5d-4a7d-a3a4-50ddcb7ad9ad,Unknown,90,Unknown
partnership,0.92319393,6f59e8d7-8f5d-4a7d-a3a4-50ddcb7ad9ad,90,0,6f59e8d7-8f5d-4a7d-a3a4-50ddcb7ad9ad,Unknown,90,Unknown
partnership,0.95712304,6f59e8d7-8f5d-4a7d-a3a4-50ddcb7ad9ad,979893388,0,6f59e8d7-8f5d-4a7d-a3a4-50ddcb7ad9ad,Unknown,979893388,Unknown
membership,0.9852588,3051e013-9e40-44cc-98e5-740e3238daaa,33,0,3051e013-9e40-44cc-98e5-740e3238daaa,Unknown,33,Unknown
partnership,0.8263436,9237588,e678510b-947d-455a-8eb0-44d1009682ec,0,9237588,Unknown,e678510b-947d-455a-8eb0-44d1009682ec,Unknown
membership,0.8613647,cdc89aad-5d8c-48bf-b155-81d2a932782b,60806,0,cdc89aad-5d8c-48bf-b155-81d2a932782b,Unknown,60806,Unknown
membership,0.80771095,cdc89aad-5d8c-48bf-b155-81d2a932782b,4183208,0,cdc89aad-5d8c-48bf-b155-81d2a932782b,Unknown,4183208,Unknown
membership,0.8246209,af9758b0-e4f9-4e08-8dd9-09abc903e4b5,60806,0,af9758b0-e4f9-4e08-8dd9-09abc903e4b5,Unknown,60806,Unknown
membership,0.869908,0efa50f3-533d-4775-94fa-54cd1c480587,869422192,0,0efa50f3-533d-4775-94fa-54cd1c480587,Unknown,869422192,Unknown
membership,0.84897393,fd6c1e03-d6f4-421e-a493-cdc56ae000b5,869422192,0,fd6c1e03-d6f4-421e-a493-cdc56ae000b5,Unknown,869422192,Unknown
partnership,0.90360296,542341,c01c6a10-60c9-4f11-9409-aa04c3963826,0,542341,Unknown,c01c6a10-60c9-4f11-9409-aa04c3963826,Unknown
partnership,0.8739193,542341,1eb512b7-c4ce-4b7e-9965-2236bf1afc9e,0,542341,Unknown,1eb512b7-c4ce-4b7e-9965-2236bf1afc9e,Unknown
partnership,0.8503447,542341,f2aee915-d483-4823-a030-9aac5e44c1fe,0,542341,Unknown,f2aee915-d483-4823-a030-9aac5e44c1fe,Unknown
partnership,0.95418984,2234557,16778128-07fa-46dd-b229-b0c2e2233602,0,2234557,Unknown,16778128-07fa-46dd-b229-b0c2e2233602,Unknown
membership,0.8085683,a325b223-5017-42a8-8eb1-ed7e1a3bbd5b,1625166,0,a325b223-5017-42a8-8eb1-ed7e1a3bbd5b,Unknown,1625166,Unknown
membership,0.89870244,42978392,62d39460-2980-4835-91ea-47073f724d3b,0,42978392,Unknown,62d39460-2980-4835-91ea-47073f724d3b,Unknown
membership,0.80844194,8b8c532f-0ca0-44cc-898c-1d776f2f457a,15,0,8b8c532f-0ca0-44cc-898c-1d776f2f457a,Unknown,15,Unknown
membership,0.8511688,382825160,ad8fe467-3759-4f53-bf6a-896a237d187f,0,382825160,Unknown,ad8fe467-3759-4f53-bf6a-896a237d187f,Unknown
membership,0.92845964,82f2f404-439a-4b2e-b423-726a7f933abf,298930,0,82f2f404-439a-4b2e-b423-726a7f933abf,Unknown,298930,Unknown
partnership,0.88590616,82f2f404-439a-4b2e-b423-726a7f933abf,555217629,0,82f2f404-439a-4b2e-b423-726a7f933abf,Unknown,555217629,Unknown
membership,0.8972082,298930,f59ca3ce-7fea-4a6b-893b-486565a8ab18,0,298930,Unknown,f59ca3ce-7fea-4a6b-893b-486565a8ab18,Unknown
partnership,0.93042845,7311cf88-bac1-4ac9-a0d2-c55c02497944,341411,0,7311cf88-bac1-4ac9-a0d2-c55c02497944,Unknown,341411,Unknown
membership,0.8993144,bc583d11-794a-4a83-abc8-3daa208e1262,555217629,0,bc583d11-794a-4a83-abc8-3daa208e1262,Unknown,555217629,Unknown
membership,0.9542705,9b5a90cf-e801-46a8-bd50-879ab3862c67,6548672,0,9b5a90cf-e801-46a8-bd50-879ab3862c67,Unknown,6548672,Unknown
membership,0.82271355,3896,577a9358-a718-4d90-a90e-88f88c58160d,0,3896,Unknown,577a9358-a718-4d90-a90e-88f88c58160d,Unknown
membership,0.8247868,61679,73db3de8-b968-40da-875c-7e57c678aa36,0,61679,Unknown,73db3de8-b968-40da-875c-7e57c678aa36,Unknown
membership,0.84912646,73db3de8-b968-40da-875c-7e57c678aa36,245484,0,73db3de8-b968-40da-875c-7e57c678aa36,Unknown,245484,Unknown
membership,0.83784986,800578,73db3de8-b968-40da-875c-7e57c678aa36,0,800578,Unknown,73db3de8-b968-40da-875c-7e57c678aa36,Unknown
membership,0.8114774,b1a0ee2a-0e6d-48c2-b639-032e4648fa5c,36506,0,b1a0ee2a-0e6d-48c2-b639-032e4648fa5c,Unknown,36506,Unknown
membership,0.81236535,a03df7da-c2cf-476d-a6ea-95c422969df2,903311212,0,a03df7da-c2cf-476d-a6ea-95c422969df2,Unknown,903311212,Unknown
membership,0.9208368,6eda4eb1-cdb8-4d61-8c72-fae33deb91a7,8814,0,6eda4eb1-cdb8-4d61-8c72-fae33deb91a7,Unknown,8814,Unknown
membership,0.8067792,6eda4eb1-cdb8-4d61-8c72-fae33deb91a7,90831,0,6eda4eb1-cdb8-4d61-8c72-fae33deb91a7,Unknown,90831,Unknown
membership,0.8677843,6eda4eb1-cdb8-4d61-8c72-fae33deb91a7,25851337,0,6eda4eb1-cdb8-4d61-8c72-fae33deb91a7,Unknown,25851337,Unknown
membership,0.8047472,6eda4eb1-cdb8-4d61-8c72-fae33deb91a7,36506,0,6eda4eb1-cdb8-4d61-8c72-fae33deb91a7,Unknown,36506,Unknown
membership,0.87856317,5fddadd0-71e7-4bdf-a471-daddd5f376b8,9550,0,5fddadd0-71e7-4bdf-a471-daddd5f376b8,Unknown,9550,Unknown
ownership,0.8592075,5fddadd0-71e7-4bdf-a471-daddd5f376b8,903311212,0,5fddadd0-71e7-4bdf-a471-daddd5f376b8,Unknown,903311212,Unknown
ownership,0.91833466,7ed038cd-64da-492f-a338-5c4636b91a2b,80774,0,7ed038cd-64da-492f-a338-5c4636b91a2b,Unknown,80774,Unknown
membership,0.8028493,4b0f0611-34ce-4733-81af-391943e272c0,438,0,4b0f0611-34ce-4733-81af-391943e272c0,Unknown,438,Unknown
ownership,0.81480104,7830,e42f2b19-60d8-4df2-bb01-d2b42d134a26,0,7830,Unknown,e42f2b19-60d8-4df2-bb01-d2b42d134a26,Unknown
membership,0.8722286,6d0e9c69-47a0-497e-b26e-28755c949385,903311212,0,6d0e9c69-47a0-497e-b26e-28755c949385,Unknown,903311212,Unknown
ownership,0.932841,54055,5e6b70db-a04a-4440-8991-3a92b5c4ac4d,0,54055,Unknown,5e6b70db-a04a-4440-8991-3a92b5c4ac4d,Unknown
partnership,0.84398574,ea6a6547-c93b-4f17-b037-200fa894289c,970786,0,ea6a6547-c93b-4f17-b037-200fa894289c,Unknown,970786,Unknown
family_relationship,0.8588145,111856,df76b4cf-1019-4768-93cd-27122ef3bacc,0,111856,Unknown,df76b4cf-1019-4768-93cd-27122ef3bacc,Unknown
partnership,0.88877594,88b35c10-45ae-4ded-ae4a-6cad038cfd91,553828215,0,88b35c10-45ae-4ded-ae4a-6cad038cfd91,Unknown,553828215,Unknown
partnership,0.8572266,88b35c10-45ae-4ded-ae4a-6cad038cfd91,663,0,88b35c10-45ae-4ded-ae4a-6cad038cfd91,Unknown,663,Unknown
membership,0.810149,90be60b1-61d8-4115-b133-e4c8e09383eb,81211950,0,90be60b1-61d8-4115-b133-e4c8e09383eb,Unknown,81211950,Unknown
membership,0.8699912,90be60b1-61d8-4115-b133-e4c8e09383eb,52134252,0,90be60b1-61d8-4115-b133-e4c8e09383eb,Unknown,52134252,Unknown
membership,0.89862293,90be60b1-61d8-4115-b133-e4c8e09383eb,679399,0,90be60b1-61d8-4115-b133-e4c8e09383eb,Unknown,679399,Unknown
membership,0.9180336,90be60b1-61d8-4115-b133-e4c8e09383eb,3436524,0,90be60b1-61d8-4115-b133-e4c8e09383eb,Unknown,3436524,Unknown
membership,0.8690297,90be60b1-61d8-4115-b133-e4c8e09383eb,5372,0,90be60b1-61d8-4115-b133-e4c8e09383eb,Unknown,5372,Unknown
membership,0.81088257,90be60b1-61d8-4115-b133-e4c8e09383eb,67716449,0,90be60b1-61d8-4115-b133-e4c8e09383eb,Unknown,67716449,Unknown
membership,0.8913731,e2844e89-d2d8-428d-8284-a0f2d9450a14,52134252,0,e2844e89-d2d8-428d-8284-a0f2d9450a14,Unknown,52134252,Unknown
membership,0.9141967,e2844e89-d2d8-428d-8284-a0f2d9450a14,679399,0,e2844e89-d2d8-428d-8284-a0f2d9450a14,Unknown,679399,Unknown
membership,0.93762475,e2844e89-d2d8-428d-8284-a0f2d9450a14,3436524,0,e2844e89-d2d8-428d-8284-a0f2d9450a14,Unknown,3436524,Unknown
membership,0.8996999,e2844e89-d2d8-428d-8284-a0f2d9450a14,5372,0,e2844e89-d2d8-428d-8284-a0f2d9450a14,Unknown,5372,Unknown
membership,0.8512353,e2844e89-d2d8-428d-8284-a0f2d9450a14,67716449,0,e2844e89-d2d8-428d-8284-a0f2d9450a14,Unknown,67716449,Unknown
partnership,0.8082797,ed114149-9468-41b4-adda-343883e79e04,7682,0,ed114149-9468-41b4-adda-343883e79e04,Unknown,7682,Unknown
partnership,0.826762,7682,d6dbac2d-ba76-4503-be09-e0444b936bd0,0,7682,Unknown,d6dbac2d-ba76-4503-be09-e0444b936bd0,Unknown
ownership,0.8148457,06c85abe-f160-4a9f-bfb2-d58099a6be80,80737369,0,06c85abe-f160-4a9f-bfb2-d58099a6be80,Unknown,80737369,Unknown
membership,0.87811446,06c85abe-f160-4a9f-bfb2-d58099a6be80,135338,0,06c85abe-f160-4a9f-bfb2-d58099a6be80,Unknown,135338,Unknown
partnership,0.9322106,6070651,c01c6a10-60c9-4f11-9409-aa04c3963826,0,6070651,Unknown,c01c6a10-60c9-4f11-9409-aa04c3963826,Unknown
partnership,0.91026115,6070651,1eb512b7-c4ce-4b7e-9965-2236bf1afc9e,0,6070651,Unknown,1eb512b7-c4ce-4b7e-9965-2236bf1afc9e,Unknown
partnership,0.89708734,6070651,f2aee915-d483-4823-a030-9aac5e44c1fe,0,6070651,Unknown,f2aee915-d483-4823-a030-9aac5e44c1fe,Unknown
partnership,0.8804507,c01c6a10-60c9-4f11-9409-aa04c3963826,119411,0,c01c6a10-60c9-4f11-9409-aa04c3963826,Unknown,119411,Unknown
ownership,0.81177276,c01c6a10-60c9-4f11-9409-aa04c3963826,69150209,0,c01c6a10-60c9-4f11-9409-aa04c3963826,Unknown,69150209,Unknown
membership,0.93577635,c01c6a10-60c9-4f11-9409-aa04c3963826,3129,0,c01c6a10-60c9-4f11-9409-aa04c3963826,Unknown,3129,Unknown
partnership,0.90000683,c01c6a10-60c9-4f11-9409-aa04c3963826,979893388,0,c01c6a10-60c9-4f11-9409-aa04c3963826,Unknown,979893388,Unknown
partnership,0.83951545,1eb512b7-c4ce-4b7e-9965-2236bf1afc9e,119411,0,1eb512b7-c4ce-4b7e-9965-2236bf1afc9e,Unknown,119411,Unknown
partnership,0.8684314,1eb512b7-c4ce-4b7e-9965-2236bf1afc9e,979893388,0,1eb512b7-c4ce-4b7e-9965-2236bf1afc9e,Unknown,979893388,Unknown
membership,0.90372413,f656719b-783e-452b-801f-f60895068b23,164,0,f656719b-783e-452b-801f-f60895068b23,Unknown,164,Unknown
membership,0.8569629,f656719b-783e-452b-801f-f60895068b23,979893388,0,f656719b-783e-452b-801f-f60895068b23,Unknown,979893388,Unknown
ownership,0.89192224,f656719b-783e-452b-801f-f60895068b23,903311212,0,f656719b-783e-452b-801f-f60895068b23,Unknown,903311212,Unknown
family_relationship,0.9433061,b1d6e468-f3c5-45f3-90a2-e76b2f329b2d,979893388,0,b1d6e468-f3c5-45f3-90a2-e76b2f329b2d,Unknown,979893388,Unknown
membership,0.8679462,8814,b1a0ee2a-0e6d-48c2-b639-032e4648fa5c,0,8814,Unknown,b1a0ee2a-0e6d-48c2-b639-032e4648fa5c,Unknown
membership,0.8567368,139,b1a0ee2a-0e6d-48c2-b639-032e4648fa5c,0,139,Unknown,b1a0ee2a-0e6d-48c2-b639-032e4648fa5c,Unknown
membership,0.8229881,25851337,b1a0ee2a-0e6d-48c2-b639-032e4648fa5c,0,25851337,Unknown,b1a0ee2a-0e6d-48c2-b639-032e4648fa5c,Unknown
partnership,0.867411,740111283,cefaf8b3-3aa2-4c59-b4aa-7974c8e1fe32,0,740111283,Unknown,cefaf8b3-3aa2-4c59-b4aa-7974c8e1fe32,Unknown
partnership,0.87451166,740111283,16778128-07fa-46dd-b229-b0c2e2233602,0,740111283,Unknown,16778128-07fa-46dd-b229-b0c2e2233602,Unknown
family_relationship,0.86921084,2810009,b8567859-bf54-49fd-8332-5775e19c65af,0,2810009,Unknown,b8567859-bf54-49fd-8332-5775e19c65af,Unknown
family_relationship,0.87625855,129461,b8567859-bf54-49fd-8332-5775e19c65af,0,129461,Unknown,b8567859-bf54-49fd-8332-5775e19c65af,Unknown
membership,0.8070878,7443,5609469a-5721-4c94-92ed-ce7770055960,0,7443,Unknown,5609469a-5721-4c94-92ed-ce7770055960,Unknown
membership,0.8317327,5609469a-5721-4c94-92ed-ce7770055960,775841,0,5609469a-5721-4c94-92ed-ce7770055960,Unknown,775841,Unknown
ownership,0.8033168,f4e17264-3b3c-48a6-86ba-d65622dc2f13,903311212,0,f4e17264-3b3c-48a6-86ba-d65622dc2f13,Unknown,903311212,Unknown
ownership,0.87628865,5508215,b03a6fc7-507a-4328-9814-57561acb4fc6,0,5508215,Unknown,b03a6fc7-507a-4328-9814-57561acb4fc6,Unknown
membership,0.8566597,6338,7a58f899-3e43-4b94-a64b-d5ab31a6055b,0,6338,Unknown,7a58f899-3e43-4b94-a64b-d5ab31a6055b,Unknown
membership,0.8800048,0d6a2f35-fccd-4cbf-865e-3ed08abb6a95,3641,0,0d6a2f35-fccd-4cbf-865e-3ed08abb6a95,Unknown,3641,Unknown
membership,0.9217886,c40a73e5-c1dd-4b85-ac1c-2e6a51546aa7,3641,0,c40a73e5-c1dd-4b85-ac1c-2e6a51546aa7,Unknown,3641,Unknown
partnership,0.8144137,a691bc0a-cfdc-4b2a-a38e-efcd2799ecd1,28138,0,a691bc0a-cfdc-4b2a-a38e-efcd2799ecd1,Unknown,28138,Unknown
family_relationship,0.9278162,ffb63251-ebdc-4346-b3a4-ef1515310806,1263250,0,ffb63251-ebdc-4346-b3a4-ef1515310806,Unknown,1263250,Unknown
membership,0.81868863,675d95eb-69b7-4f8a-bd4e-af2cf4def162,359755772,0,675d95eb-69b7-4f8a-bd4e-af2cf4def162,Unknown,359755772,Unknown
membership,0.8201633,2eeca6e0-f5a7-4b9d-8b3e-ada56d140e36,18404231,0,2eeca6e0-f5a7-4b9d-8b3e-ada56d140e36,Unknown,18404231,Unknown
ownership,0.84793943,404,662bfccd-798d-4e60-b308-2cb2918e3dd2,0,404,Unknown,662bfccd-798d-4e60-b308-2cb2918e3dd2,Unknown
membership,0.8480754,d37a5a00-fca1-4753-890c-6975c311dc3f,341411,0,d37a5a00-fca1-4753-890c-6975c311dc3f,Unknown,341411,Unknown
membership,0.8147921,011ad1ae-ae1b-4c74-9f58-c020e6a3e836,740111283,0,011ad1ae-ae1b-4c74-9f58-c020e6a3e836,Unknown,740111283,Unknown
membership,0.88131356,386,d09a6a69-eed5-4057-9f96-dcf4c9cf4d88,0,386,Unknown,d09a6a69-eed5-4057-9f96-dcf4c9cf4d88,Unknown
family_relationship,0.92034745,4524860,b8567859-bf54-49fd-8332-5775e19c65af,0,4524860,Unknown,b8567859-bf54-49fd-8332-5775e19c65af,Unknown
ownership,0.8173365,662bfccd-798d-4e60-b308-2cb2918e3dd2,947,0,662bfccd-798d-4e60-b308-2cb2918e3dd2,Unknown,947,Unknown
ownership,0.8495453,662bfccd-798d-4e60-b308-2cb2918e3dd2,33560,0,662bfccd-798d-4e60-b308-2cb2918e3dd2,Unknown,33560,Unknown
membership,0.8790664,19285,cefaf8b3-3aa2-4c59-b4aa-7974c8e1fe32,0,19285,Unknown,cefaf8b3-3aa2-4c59-b4aa-7974c8e1fe32,Unknown
membership,0.80466497,1f8c20da-5f20-4116-907a-a653089bb8a0,19285,0,1f8c20da-5f20-4116-907a-a653089bb8a0,Unknown,19285,Unknown
ownership,0.81680304,33210,ca87f68d-1df8-4746-a8af-8d810f49e783,0,33210,Unknown,ca87f68d-1df8-4746-a8af-8d810f49e783,Unknown
membership,0.8147397,b9faf7c4-f237-4112-91bd-71fa0cf8571a,135338,0,b9faf7c4-f237-4112-91bd-71fa0cf8571a,Unknown,135338,Unknown
ownership,0.8500284,72092,b605391a-2c84-4d59-98f0-d12fd185ec64,0,72092,Unknown,b605391a-2c84-4d59-98f0-d12fd185ec64,Unknown
ownership,0.89600724,511915273,b03a6fc7-507a-4328-9814-57561acb4fc6,0,511915273,Unknown,b03a6fc7-507a-4328-9814-57561acb4fc6,Unknown
membership,0.8487464,b03a6fc7-507a-4328-9814-57561acb4fc6,25777,0,b03a6fc7-507a-4328-9814-57561acb4fc6,Unknown,25777,Unknown
ownership,0.8095429,b03a6fc7-507a-4328-9814-57561acb4fc6,71608,0,b03a6fc7-507a-4328-9814-57561acb4fc6,Unknown,71608,Unknown
ownership,0.8385622,b03a6fc7-507a-4328-9814-57561acb4fc6,63548588,0,b03a6fc7-507a-4328-9814-57561acb4fc6,Unknown,63548588,Unknown
partnership,0.8399455,18139144-efbe-4540-8e65-fde29def1993,826749274,0,18139144-efbe-4540-8e65-fde29def1993,Unknown,826749274,Unknown
family_relationship,0.8365317,6071877,93ac5fec-5f52-4431-a3ff-91430a8062f6,0,6071877,Unknown,93ac5fec-5f52-4431-a3ff-91430a8062f6,Unknown
membership,0.8007054,c495290e-2de7-487d-a139-f273c4974539,903311212,0,c495290e-2de7-487d-a139-f273c4974539,Unknown,903311212,Unknown
family_relationship,0.8432881,c8026923-944a-4155-b2ec-e160135e0c47,29481,0,c8026923-944a-4155-b2ec-e160135e0c47,Unknown,29481,Unknown
membership,0.8851809,1518,d0123474-8425-4ab0-90d5-175920158638,0,1518,Unknown,d0123474-8425-4ab0-90d5-175920158638,Unknown
ownership,0.8169739,fcef975b-e382-4c81-8160-41bf9e5bf937,805275,0,fcef975b-e382-4c81-8160-41bf9e5bf937,Unknown,805275,Unknown
ownership,0.860386,fcef975b-e382-4c81-8160-41bf9e5bf937,94361818,0,fcef975b-e382-4c81-8160-41bf9e5bf937,Unknown,94361818,Unknown
membership,0.8711019,c2d2e029-6f38-4148-9079-15615103cea6,186,0,c2d2e029-6f38-4148-9079-15615103cea6,Unknown,186,Unknown
partnership,0.8056517,0f952ad7-6ecb-472e-8a30-895501a0e8c8,6980,0,0f952ad7-6ecb-472e-8a30-895501a0e8c8,Unknown,6980,Unknown
membership,0.9017618,25222883,d2948905-9121-400b-905f-e449bf8ca35e,0,25222883,Unknown,d2948905-9121-400b-905f-e449bf8ca35e,Unknown
membership,0.9391482,3d009ee1-0d95-4516-802f-8a5110bde01e,3129,0,3d009ee1-0d95-4516-802f-8a5110bde01e,Unknown,3129,Unknown
membership,0.9495875,3d009ee1-0d95-4516-802f-8a5110bde01e,6780,0,3d009ee1-0d95-4516-802f-8a5110bde01e,Unknown,6780,Unknown
membership,0.8013063,1303,3d009ee1-0d95-4516-802f-8a5110bde01e,0,1303,Unknown,3d009ee1-0d95-4516-802f-8a5110bde01e,Unknown
partnership,0.90048844,dbeb3e02-dc0c-4455-a16b-2d0b9cb2c65a,67261634,0,dbeb3e02-dc0c-4455-a16b-2d0b9cb2c65a,Unknown,67261634,Unknown
partnership,0.88336325,dbeb3e02-dc0c-4455-a16b-2d0b9cb2c65a,344,0,dbeb3e02-dc0c-4455-a16b-2d0b9cb2c65a,Unknown,344,Unknown
membership,0.8439261,601e76fd-8517-4269-b976-2743987a49f3,67261634,0,601e76fd-8517-4269-b976-2743987a49f3,Unknown,67261634,Unknown
partnership,0.81869537,601e76fd-8517-4269-b976-2743987a49f3,344,0,601e76fd-8517-4269-b976-2743987a49f3,Unknown,344,Unknown
membership,0.8646077,ba0514a3-9c57-4b04-a7c5-89fc0463fdda,6780,0,ba0514a3-9c57-4b04-a7c5-89fc0463fdda,Unknown,6780,Unknown
family_relationship,0.8984746,b8567859-bf54-49fd-8332-5775e19c65af,425887173,0,b8567859-bf54-49fd-8332-5775e19c65af,Unknown,425887173,Unknown
family_relationship,0.89816225,b8567859-bf54-49fd-8332-5775e19c65af,2262,0,b8567859-bf54-49fd-8332-5775e19c65af,Unknown,2262,Unknown
partnership,0.8081828,b8567859-bf54-49fd-8332-5775e19c65af,2262,1,b8567859-bf54-49fd-8332-5775e19c65af,Unknown,2262,Unknown
membership,0.9164245,b8567859-bf54-49fd-8332-5775e19c65af,2751,0,b8567859-bf54-49fd-8332-5775e19c65af,Unknown,2751,Unknown
family_relationship,0.8143497,b8567859-bf54-49fd-8332-5775e19c65af,47679,0,b8567859-bf54-49fd-8332-5775e19c65af,Unknown,47679,Unknown
partnership,0.95013326,b8567859-bf54-49fd-8332-5775e19c65af,755,0,b8567859-bf54-49fd-8332-5775e19c65af,Unknown,755,Unknown
family_relationship,0.85510385,b8567859-bf54-49fd-8332-5775e19c65af,44956,0,b8567859-bf54-49fd-8332-5775e19c65af,Unknown,44956,Unknown
family_relationship,0.9219998,b8567859-bf54-49fd-8332-5775e19c65af,3404599,0,b8567859-bf54-49fd-8332-5775e19c65af,Unknown,3404599,Unknown
family_relationship,0.9082307,b8567859-bf54-49fd-8332-5775e19c65af,551,0,b8567859-bf54-49fd-8332-5775e19c65af,Unknown,551,Unknown
ownership,0.8574912,b8567859-bf54-49fd-8332-5775e19c65af,897,0,b8567859-bf54-49fd-8332-5775e19c65af,Unknown,897,Unknown
membership,0.9423782,b8567859-bf54-49fd-8332-5775e19c65af,102642,0,b8567859-bf54-49fd-8332-5775e19c65af,Unknown,102642,Unknown
family_relationship,0.8166661,b8567859-bf54-49fd-8332-5775e19c65af,518,0,b8567859-bf54-49fd-8332-5775e19c65af,Unknown,518,Unknown
ownership,0.8189799,b8567859-bf54-49fd-8332-5775e19c65af,43685541,0,b8567859-bf54-49fd-8332-5775e19c65af,Unknown,43685541,Unknown
family_relationship,0.9034239,b8567859-bf54-49fd-8332-5775e19c65af,6731,0,b8567859-bf54-49fd-8332-5775e19c65af,Unknown,6731,Unknown
family_relationship,0.8919015,b8567859-bf54-49fd-8332-5775e19c65af,89035,0,b8567859-bf54-49fd-8332-5775e19c65af,Unknown,89035,Unknown
family_relationship,0.94101536,b8567859-bf54-49fd-8332-5775e19c65af,4877,0,b8567859-bf54-49fd-8332-5775e19c65af,Unknown,4877,Unknown
family_relationship,0.8097614,b8567859-bf54-49fd-8332-5775e19c65af,7505050,0,b8567859-bf54-49fd-8332-5775e19c65af,Unknown,7505050,Unknown
family_relationship,0.89599574,b8567859-bf54-49fd-8332-5775e19c65af,75399,0,b8567859-bf54-49fd-8332-5775e19c65af,Unknown,75399,Unknown
family_relationship,0.82098466,b8567859-bf54-49fd-8332-5775e19c65af,235866056,0,b8567859-bf54-49fd-8332-5775e19c65af,Unknown,235866056,Unknown
family_relationship,0.8141556,b8567859-bf54-49fd-8332-5775e19c65af,98,0,b8567859-bf54-49fd-8332-5775e19c65af,Unknown,98,Unknown
family_relationship,0.8141556,b8567859-bf54-49fd-8332-5775e19c65af,98,0,b8567859-bf54-49fd-8332-5775e19c65af,Unknown,98,Unknown
membership,0.87315637,b8567859-bf54-49fd-8332-5775e19c65af,3506021,0,b8567859-bf54-49fd-8332-5775e19c65af,Unknown,3506021,Unknown
family_relationship,0.82834584,b8567859-bf54-49fd-8332-5775e19c65af,46901627,0,b8567859-bf54-49fd-8332-5775e19c65af,Unknown,46901627,Unknown
partnership,0.87973267,b8567859-bf54-49fd-8332-5775e19c65af,3887,0,b8567859-bf54-49fd-8332-5775e19c65af,Unknown,3887,Unknown
membership,0.84521955,b8567859-bf54-49fd-8332-5775e19c65af,55674,0,b8567859-bf54-49fd-8332-5775e19c65af,Unknown,55674,Unknown
membership,0.81126064,b8567859-bf54-49fd-8332-5775e19c65af,8251198,0,b8567859-bf54-49fd-8332-5775e19c65af,Unknown,8251198,Unknown
membership,0.84960026,b8567859-bf54-49fd-8332-5775e19c65af,8269,0,b8567859-bf54-49fd-8332-5775e19c65af,Unknown,8269,Unknown
membership,0.8990863,b8567859-bf54-49fd-8332-5775e19c65af,558,0,b8567859-bf54-49fd-8332-5775e19c65af,Unknown,558,Unknown
membership,0.81513214,b8567859-bf54-49fd-8332-5775e19c65af,353,0,b8567859-bf54-49fd-8332-5775e19c65af,Unknown,353,Unknown
partnership,0.8109308,b8567859-bf54-49fd-8332-5775e19c65af,6780,0,b8567859-bf54-49fd-8332-5775e19c65af,Unknown,6780,Unknown
membership,0.8802337,b8567859-bf54-49fd-8332-5775e19c65af,60197861,0,b8567859-bf54-49fd-8332-5775e19c65af,Unknown,60197861,Unknown
family_relationship,0.84869397,b8567859-bf54-49fd-8332-5775e19c65af,979893388,0,b8567859-bf54-49fd-8332-5775e19c65af,Unknown,979893388,Unknown
membership,0.8336055,b8567859-bf54-49fd-8332-5775e19c65af,341411,0,b8567859-bf54-49fd-8332-5775e19c65af,Unknown,341411,Unknown
family_relationship,0.8089085,4f533d76-17d7-4b95-86b5-106503c99b0c,3404599,0,4f533d76-17d7-4b95-86b5-106503c99b0c,Unknown,3404599,Unknown
membership,0.8945955,e3431d4d-79df-4da9-b8cb-a4d05a8aa474,526269,0,e3431d4d-79df-4da9-b8cb-a4d05a8aa474,Unknown,526269,Unknown
family_relationship,0.88423955,39c767d3-a9b4-41f4-8a5d-e14b6c20a2d2,290834957,0,39c767d3-a9b4-41f4-8a5d-e14b6c20a2d2,Unknown,290834957,Unknown
