size,revenue
1,7786.6728
1,0
1,0
1,6756.6728
1,12566.6728
1,0
1,26866.6728
1,112666.6728
1,26966.6728
1,0
1,19125.969
1,53566.6728
1,18866.6728
1,0
1,0
1,10936.6728
1,0
1,7985.6174
1,36658.0122
1,0
1,0
1,0
1,0
1,0
1,0
1,0
1,0
1,0
1,0
1,4906.0501
1,0
1,0
1,0
1,0
1,0
1,4810.3628
1,36766.6728
1,0
1,0
1,0
1,0
1,0
1,0
1,0
1,0
1,0
1,0
1,0
1,0
1,0
1,0
1,0
1,0
1,0
1,0
1,0
1,0
1,0
1,0
1,0
1,0
1,0
1,0
1,0
1,0
1,14181.4208
1,20066.6728
1,0
1,0
1,113379.1323
1,0
1,24066.6728
1,29366.6728
1,0
1,0
1,14466.6728
1,7973.9168
1,170666.6728
1,0
1,55045.4068
1,0
1,0
1,0
1,0
1,0
1,0
1,0
1,0
1,0
1,0
1,0
1,0
1,0
1,0
1,0
1,0
1,0
1,0
1,0
1,325666.6728
1,0
1,0
1,0
1,0
1,0
1,0
1,0
1,0
1,0
1,0
1,0
1,0
1,0
1,0
1,0
1,0
1,0
1,0
1,0
1,0
1,0
1,0
1,0
1,0
1,0
1,0
1,0
1,0
1,0
1,0
1,0
1,0
1,0
1,0
1,0
1,0
1,0
1,0
1,0
1,0
1,0
1,0
1,0
1,0
1,0
1,0
1,0
1,0
1,0
1,0
1,0
1,0
1,0
1,0
1,0
1,0
1,0
1,0
1,0
1,0
1,0
1,0
1,0
1,0
1,0
1,0
1,118666.6728
1,13536.6728
1,0
1,43366.6728
1,0
1,0
1,4736.6728
1,10106.6728
1,0
1,5066.6728
1,5168.8373
1,0
1,0
1,5126.6728
1,5036.6728
1,10396.6728
1,23066.6728
1,506612.5008
1,9042.3879
1,15866.6728
1,0
1,0
1,0
1,0
1,0
1,0
1,0
1,0
1,0
1,0
1,0
1,0
1,0
1,0
1,0
1,0
1,0
1,0
1,0
1,0
1,0
1,0
1,0
1,0
1,0
1,0
1,0
1,0
1,0
1,0
1,0
1,0
1,0
1,0
1,0
1,0
1,0
1,0
1,0
1,0
1,0
1,0
1,0
1,0
1,0
1,0
1,0
1,0
1,0
1,0
1,6206.6728
1,23966.6728
1,12006.6728
1,164666.6728
1,11026.6728
1,50566.6728
1,5636.6728
1,0
1,0
1,46966.6728
1,0
1,20266.6728
1,0
1,0
1,0
1,72609.0062
1,0
1,0
1,0
1,0
1,0
1,0
1,0
1,0
1,0
1,0
1,0
1,0
1,0
1,5710.3487
1,0
1,54866.6728
1,18008.116
1,0
1,0
1,0
1,0
1,0
1,0
1,75995.9589
1,9476.6728
1,21496.0701
1,21066.8895
1,0
1,17717.6024
1,0
1,14666.6728
1,19562.8196
1,41001.1177
1,60624.3572
1,5136.6728
1,435770.7204
1,10536.6728
1,74660.2266
1,0
1,11326.6728
1,0
1,0
1,5296.6728
1,0
1,17037.1871
1,0
1,799087.1576
1,0
1,0
1,80459.1606
1,6046.6728
1,29666.6728
1,11556.6728
1,11986.6728
1,0
1,16566.6728
1,10316.6728
1,5636.6728
1,110666.6728
1,0
1,0
1,0
1,0
1,0
1,0
1,75466.6728
1,0
1,14296.6728
1,5476.6728
1,5636.6728
1,10016.6728
1,0
1,9742.8491
1,12822.0795
1,5666.6728
1,0
1,0
1,5166.6738
1,0
1,10296.6728
1,12766.6728
1,0
1,0
1,0
1,0
1,0
1,0
1,0
1,0
1,0
1,0
1,0
1,0
1,0
1,0
1,0
1,0
1,0
1,0
1,0
1,0
1,0
1,0
1,0
1,0
1,0
1,0
1,0
1,0
1,0
1,0
1,0
1,0
1,0
1,0
1,0
1,0
1,0
1,0
1,0
1,0
1,235489.6683
1,187305.6102
1,0
1,28466.6728
1,0
1,16066.6728
1,5226.6728
1,0
1,60345.5044
1,8956.6728
1,0
1,0
1,5306.6728
1,4668.8344
1,114522.6452
1,0
1,63466.6728
1,5476.6728
1,0
1,4248351.544
1,11506.1505
1,4766.6728
1,662607.5656
1,0
1,0
1,0
1,0
1,0
1,0
1,0
1,57266.6728
1,13476.6728
1,0
1,0
1,20166.6728
1,180487.6607
1,0
1,0
1,0
1,0
1,0
1,0
1,0
1,0
1,0
1,0
1,0
1,0
1,0
1,0
1,235611643.2
1,0
1,0
1,0
1,0
1,0
1,0
1,0
1,34066.6728
1,0
1,6316.6728
1,0
1,0
1,176402.164
1,4786.6728
1,0
1,0
1,0
1,4926.6728
1,11776.6728
1,0
1,6516260.164
1,0
1,0
1,0
1,16349.68
1,0
1,0
1,0
1,10956.6728
1,0
1,0
1,62466.6728
1,0
1,36095.4427
1,0
1,0
1,59866.1877
1,101888.9003
1,4783.7366
1,0
1,0
1,0
1,256886.1317
1,12236.6728
1,0
1,0
1,0
1,0
1,0
1,0
1,0
1,0
1,0
1,0
1,0
1,0
1,0
1,0
1,0
1,0
1,0
1,0
1,0
1,0
1,0
1,0
1,0
1,0
1,0
1,0
1,0
1,0
1,0
1,0
1,0
1,0
1,0
1,0
1,0
1,0
1,0
1,0
1,0
1,0
1,0
1,0
1,0
1,0
1,0
1,0
1,0
1,0
1,0
1,0
1,0
1,0
1,0
1,0
1,0
1,0
1,0
1,0
1,42180.9132
1,0
1,0
1,285551.7684
1,34366.6728
1,5516.6728
1,7056.6728
1,0
1,17466.6728
1,0
1,0
1,33526.7005
1,0
1,0
1,0
1,0
1,0
1,0
1,0
1,0
1,0
1,59591.5328
1,1804666.673
1,63566.6728
1,5036.6728
1,0
1,14366.6728
1,31466.6728
1,82766.6728
1,79166.6728
1,8581.6728
1,0
1,5076.6728
1,0
1,0
1,0
1,0
1,0
1,0
1,0
1,0
1,0
1,0
1,0
1,0
1,0
1,12946.6728
1,10162.5636
1,32066.6728
1,402871.7153
1,0
1,120666.6728
1,46403.6728
1,48566.6728
1,0
1,0
1,0
1,22166.6728
1,10266.6728
1,0
1,7336.6728
1,33866.6728
1,0
1,0
1,0
1,0
1,0
1,0
1,0
1,0
1,0
1,0
1,0
1,0
1,0
1,0
1,0
1,0
1,0
1,0
1,0
1,0
1,0
1,0
1,0
1,0
1,0
1,0
1,0
1,0
1,0
1,0
1,0
1,0
1,0
1,0
1,150666.6728
1,0
1,0
1,0
1,0
1,0
1,0
1,0
1,0
1,0
1,0
1,0
1,0
1,0
1,0
1,0
1,0
1,0
1,0
1,0
1,0
1,0
1,0
1,0
1,0
1,0
1,0
1,0
1,0
1,0
1,0
1,0
1,0
1,0
1,0
1,0
1,0
1,0
1,0
1,0
1,0
1,0
1,0
1,0
1,0
1,0
1,0
1,0
1,0
1,0
1,0
1,0
1,0
1,0
1,0
1,0
1,0
1,0
1,0
1,0
1,0
1,0
1,0
1,0
1,0
1,0
1,281433.1686
1,9306.6728
1,0
1,24366.6728
1,6006.6728
1,0
1,11836.6728
1,0
1,49588.6794
1,0
1,19966.6728
1,0
1,47409.483
1,0
1,0
1,0
1,0
1,0
1,0
1,0
1,0
1,0
1,0
1,0
1,0
1,0
1,0
1,0
1,0
1,0
1,0
1,0
1,0
1,348207.9605
1,335666.6728
1,134190.9527
1,0
1,57866.6728
1,0
1,277397.3078
1,18366.6728
1,55566.6728
1,5552.677
1,46253.7853
1,6906.6728
1,5216.6728
1,16266.6728
1,5596.6728
1,43266.6728
1,0
1,0
1,0
1,0
1,0
1,0
1,0
1,0
1,0
1,0
1,0
1,0
1,0
1,0
1,0
1,0
1,0
1,0
1,0
1,0
1,0
1,0
1,4736.6728
1,146666.6728
1,0
1,0
1,0
1,0
1,0
1,0
1,0
1,0
1,0
1,0
1,0
1,0
1,0
1,0
1,0
1,0
1,0
1,0
1,0
1,0
1,0
1,0
1,0
1,0
1,0
1,0
1,0
1,0
1,0
1,0
1,0
1,0
1,0
1,0
1,0
1,0
1,0
1,0
1,0
1,0
1,0
1,0
1,0
1,0
1,0
1,5264.6738
1,24966.6728
1,83366.6728
1,0
1,0
1,0
1,0
1,0
1,0
1,0
1,0
1,0
1,0
1,0
1,0
1,0
1,0
1,0
1,0
1,0
1,0
1,0
1,0
1,0
1,0
1,0
1,0
1,0
1,0
1,0
1,62277.1287
1,6249.2037
1,63766.6728
1,0
1,47366.5018
1,0
1,54666.6728
1,5542.3815
1,0
1,11436.6728
1,687583.3766
1,0
1,0
1,0
1,0
1,0
1,0
1,0
1,0
1,44966.6728
1,0
1,262347.8831
1,6561.5778
1,33526.7005
1,9577.4686
1,0
1,0
1,18666.6728
1,19956.0355
1,14158.4201
1,5116.6728
1,41563.366
1,65166.6728
1,0
1,0
1,0
1,0
1,0
1,0
1,0
1,0
1,0
1,0
1,0
1,0
1,0
1,0
1,0
1,0
1,0
1,0
1,0
1,0
1,0
1,0
1,0
1,0
1,0
1,0
1,0
1,0
1,0
1,0
1,0
1,0
1,0
1,11046.6728
1,0
1,18566.6728
1,11506.6728
1,0
1,13866.6728
1,13696.6728
1,0
1,5976.6728
1,33526.7005
1,4986.6728
1,74495.6495
1,0
1,5426.6562
1,10636.6728
1,54366.6728
1,0
1,5596.6728
1,0
1,0
1,0
1,0
1,0
1,0
1,0
1,0
1,0
1,0
1,0
1,0
1,0
1,0
1,0
1,0
1,0
1,0
1,0
1,0
1,0
1,0
1,0
1,0
1,0
1,0
1,0
1,0
1,0
1,0
1,0
1,0
1,0
1,0
1,0
1,0
1,0
1,0
1,0
1,0
1,0
1,0
1,0
1,0
1,0
1,0
1,0
1,0
1,0
1,0
1,0
1,0
1,0
1,0
1,0
1,0
1,0
1,0
1,0
1,0
1,0
1,0
1,0
1,0
1,0
1,0
1,0
1,0
1,0
1,0
1,0
1,0
1,0
1,0
1,0
1,0
1,0
1,0
1,0
1,0
1,0
1,0
1,0
1,0
1,0
1,0
1,0
1,0
1,0
1,0
1,13222.8861
1,0
1,0
1,0
1,0
1,0
1,0
1,0
1,5378.3899
1,0
1,0
1,0
1,0
1,0
1,0
1,0
1,0
1,0
1,0
1,0
1,0
1,0
1,0
1,0
1,0
1,0
1,0
1,0
1,0
1,0
1,0
1,0
1,0
1,0
1,0
1,11070.0144
1,0
1,5136.8005
1,13486.6728
1,5996.6728
1,0
1,5816.6728
1,26466.6728
1,0
1,0
1,0
1,0
1,0
1,4700.0322
1,0
1,0
1,0
1,0
1,0
1,0
1,0
1,0
1,0
1,0
1,0
1,0
1,0
1,0
1,20166.6728
1,0
1,0
1,0
1,0
1,0
1,0
1,0
1,0
1,0
1,0
1,0
1,0
1,0
1,0
1,0
1,0
1,0
1,0
1,0
1,0
1,0
1,0
1,0
1,0
1,0
1,0
1,0
1,0
1,0
1,0
1,0
1,0
1,0
1,0
1,0
1,0
1,0
1,0
1,0
1,0
1,0
1,0
1,0
1,0
1,0
1,0
1,0
1,0
1,0
1,0
1,0
1,0
1,0
1,0
1,0
1,0
1,0
1,0
1,0
1,0
1,0
1,0
1,0
1,0
1,0
1,0
1,0
1,0
1,0
1,0
1,0
1,0
1,0
1,0
1,0
1,0
1,0
1,0
1,0
1,0
1,0
1,0
1,0
1,0
1,0
1,0
1,0
1,0
1,0
1,0
1,0
1,0
1,0
1,0
1,0
1,0
1,0
1,0
1,0
1,0
1,0
1,0
1,0
1,0
1,0
1,0
1,15966.6728
1,0
1,7076.6728
1,0
1,0
1,35540.9693
1,0
1,0
1,0
1,0
1,0
1,0
1,0
1,0
1,0
1,0
1,0
1,0
1,0
1,5036.6728
1,12776.6728
1,0
1,0
1,0
1,0
1,0
1,0
1,0
1,0
1,0
1,0
1,0
1,0
1,0
1,0
1,0
1,0
1,0
1,0
1,0
1,0
1,0
1,0
1,0
1,0
1,0
1,0
1,0
1,0
1,0
1,0
1,0
1,0
1,0
1,0
1,0
1,0
1,0
1,0
1,0
1,0
1,0
1,0
1,0
1,0
1,0
1,0
1,0
1,0
1,0
1,0
1,0
1,0
1,0
1,0
1,0
1,0
1,0
1,0
1,0
1,0
1,0
1,0
1,0
1,0
1,0
1,0
1,0
1,0
1,0
1,0
1,0
1,0
1,0
1,0
1,0
1,0
1,0
1,0
1,0
1,0
1,0
1,0
1,0
1,0
1,0
1,0
1,0
1,0
1,0
1,0
1,0
1,0
1,0
1,0
1,0
1,5726.6728
1,0
1,0
1,0
1,0
1,0
1,0
1,0
1,0
1,0
1,0
1,0
1,0
1,0
1,0
1,0
1,0
1,0
1,0
1,0
1,0
1,0
1,0
1,0
1,55376193.23
1,0
1,0
1,0
1,0
1,0
1,0
1,0
1,0
1,0
1,0
1,0
1,0
1,0
1,6596.6728
1,24366.6728
1,0
1,51066.6728
1,0
1,0
1,0
1,0
1,0
1,0
1,0
1,0
1,0
1,0
1,0
1,0
1,0
1,0
1,0
1,0
1,0
1,0
1,0
1,0
1,0
1,0
1,0
1,0
1,0
1,0
1,0
1,0
1,0
1,0
1,0
1,0
1,0
1,0
1,0
1,0
1,0
1,0
1,0
1,0
1,0
1,0
1,0
1,0
1,0
1,0
1,0
1,0
1,0
1,47366.6728
1,5436.6728
1,5346.6728
1,9393.2268
1,43666.6728
1,0
1,28266.6728
1,5306.6728
1,56902.1658
1,19366.6728
1,0
1,0
1,0
1,7744642.584
1,5866.6728
1,6831.1749
1,0
1,53139.7788
1,23666.6728
1,0
1,10486.6728
1,1150616.532
1,12546.6728
1,11467.6728
1,16866.6728
1,22607.9168
1,9942.6777
1,0
1,5816.6728
1,27928.2834
1,0
1,4726.6728
1,5636.6728
1,16210.6839
1,0
1,52278.6305
1,283486.9984
1,0
1,0
1,0
1,0
1,0
1,0
1,0
1,0
1,0
1,0
1,0
1,0
1,0
1,0
1,0
1,0
1,0
1,0
1,0
1,0
1,0
1,0
1,0
1,0
1,0
1,0
1,0
1,0
1,0
1,0
1,0
1,0
1,0
1,0
1,250352.5072
1,0
1,0
1,0
1,0
1,0
1,0
1,0
1,0
1,0
1,0
1,0
1,0
1,0
1,0
1,0
1,0
1,0
1,0
1,0
1,0
1,0
1,0
1,0
1,0
1,0
1,0
1,0
1,0
1,0
1,0
1,0
1,0
1,0
1,0
1,0
1,0
1,0
1,0
1,0
1,0
1,0
1,0
1,0
1,0
1,0
1,0
1,0
1,0
1,0
1,0
1,12516.6728
1,0
1,0
1,0
1,0
1,0
1,0
1,0
1,0
1,0
1,0
1,0
1,0
1,0
1,0
1,0
1,0
1,0
1,0
1,0
1,0
1,0
1,0
1,0
1,0
1,0
1,0
1,0
1,0
1,0
1,0
1,0
1,0
1,0
1,0
1,0
1,0
1,0
1,0
1,0
1,0
1,0
1,0
1,0
1,0
1,0
1,0
1,0
1,0
1,0
1,0
1,0
1,0
1,0
1,0
1,0
1,5466.6728
1,0
1,0
1,0
1,0
1,0
1,0
1,0
1,0
1,0
1,0
1,0
1,0
1,0
1,0
1,0
1,0
1,0
1,0
1,0
1,0
1,0
1,0
1,0
1,0
1,0
1,0
1,0
1,0
1,0
1,0
1,0
1,0
1,0
1,0
1,0
1,0
1,0
1,0
1,0
1,0
1,0
1,0
1,0
1,0
1,0
1,0
1,0
1,0
1,0
1,0
1,0
1,0
1,0
1,0
1,0
1,0
1,5156.6728
1,137666.6728
1,0
1,0
1,0
1,6931.1387
1,0
1,0
1,0
1,0
1,0
1,0
1,0
1,0
1,0
1,0
1,0
1,0
1,0
1,0
1,0
1,0
1,0
1,0
1,0
1,0
1,0
1,0
1,0
1,0
1,0
1,0
1,0
1,0
1,0
1,0
1,0
1,0
1,0
1,0
1,0
1,0
1,0
1,0
1,0
1,0
1,0
1,0
1,0
1,0
1,0
1,0
1,0
1,0
1,0
1,0
1,0
1,0
1,0
1,0
1,0
1,0
1,4995.1473
1,0
1,0
1,0
1,0
1,0
1,0
1,0
1,0
1,0
1,0
1,0
1,0
1,0
1,0
1,0
1,0
1,0
1,0
1,0
1,0
1,0
1,8926.6728
1,16277.5104
1,6606.6728
1,0
1,0
1,14966.6728
1,15266.6728
1,4746.6728
1,0
1,16766.6728
1,233976.9777
1,0
1,30566.6728
1,0
1,0
1,0
1,0
1,56866.6728
1,0
1,0
1,0
1,0
1,0
1,0
1,0
1,0
1,0
1,0
1,0
1,0
1,0
1,0
1,0
1,0
1,0
1,0
1,0
1,0
1,0
1,0
1,0
1,0
1,0
1,0
1,0
1,0
1,0
1,0
1,0
1,0
1,0
1,0
1,0
1,0
1,0
1,0
1,0
1,0
1,0
1,0
1,0
1,0
1,0
1,0
1,0
1,0
1,0
1,28686.9794
1,0
1,0
1,0
1,0
1,0
1,0
1,0
1,0
1,0
1,0
1,0
1,0
1,0
1,0
1,0
1,0
1,0
1,0
1,0
1,0
1,758052.0105
1,0
1,0
1,10996.6728
1,0
1,15966.6728
1,0
1,0
1,0
1,0
1,0
1,0
1,0
1,0
1,0
1,0
1,0
1,0
1,0
1,0
1,0
1,0
1,0
1,0
1,0
1,0
1,0
1,0
1,0
1,0
1,0
1,0
1,0
1,0
1,0
1,0
1,0
1,0
1,0
1,0
1,0
1,0
1,0
1,0
1,0
1,0
1,0
1,0
1,0
1,0
1,0
1,0
1,0
1,0
1,0
1,0
1,0
1,0
1,0
1,0
1,0
1,0
1,0
1,0
1,0
1,0
1,0
1,0
1,0
1,0
1,0
1,0
1,0
1,0
1,16966.6728
1,116103.3399
1,0
1,15966.6728
1,4906.6728
1,0
1,0
1,0
1,30166.6728
1,34466.6728
1,14196.6728
1,0
1,7236.047
1,6883.8652
1,85666.6728
1,0
1,0
1,10596.6728
1,38966.6728
1,34146.6944
1,0
1,0
1,10916.6728
1,0
1,7534879.501
1,42301.7569
1,0
1,1217067.692
1,5416.6728
1,0
1,0
1,0
1,9166.6728
1,20366.6728
1,0
1,0
1,0
1,0
1,0
1,14196.6728
1,0
1,0
1,0
1,0
1,0
1,0
1,0
1,0
1,0
1,0
1,18935.6941
1,0
1,3652.2266
1,0
1,50229.6495
1,0
1,5636.6728
1,5746.6728
1,5006.6728
1,4736.6728
1,15666.6728
1,5316.6728
1,10776.6728
1,0
1,42266.6728
1,0
1,0
1,244666.6728
1,37066.6728
1,62435.5549
1,0
1,0
1,0
1,0
1,15466.6728
1,16266.6728
1,0
1,0
1,16166.6728
1,12392.4578
1,47966.6728
1,0
1,0
1,0
1,0
1,0
1,0
1,0
1,0
1,0
1,0
1,0
1,0
1,0
1,0
1,0
1,0
1,0
1,0
1,0
1,0
1,0
1,0
1,0
1,0
1,0
1,0
1,0
1,0
1,0
1,0
1,0
1,0
1,0
1,0
1,0
1,0
1,0
1,0
1,0
1,0
1,0
1,0
1,0
1,0
1,0
1,0
1,0
1,0
1,0
1,0
1,0
1,0
1,0
1,0
1,0
1,0
1,0
1,0
1,0
1,0
1,0
1,0
1,0
1,0
1,0
1,0
1,0
1,26766.6728
1,0
1,0
1,0
1,0
1,0
1,0
1,0
1,0
1,0
1,0
1,0
1,0
1,0
1,0
1,0
1,0
1,0
1,0
1,0
1,0
1,0
1,0
1,0
1,0
1,0
1,0
1,0
1,0
1,0
1,0
1,0
1,0
1,0
1,303214.6126
1,0
1,0
1,0
1,0
1,16298.526
1,0
1,0
1,0
1,0
1,0
1,0
1,0
1,0
1,0
1,0
1,522423.6457
1,5921.1756
1,8186.6728
1,0
1,0
1,0
1,0
1,0
1,0
1,0
1,0
1,0
1,0
1,0
1,0
1,0
1,0
1,0
1,0
1,0
1,0
1,0
1,0
1,0
1,0
1,0
1,0
1,0
1,0
1,0
1,0
1,0
1,0
1,0
1,0
1,0
1,0
1,0
1,0
1,0
1,0
1,0
1,0
1,0
1,0
1,0
1,0
1,0
1,0
1,0
1,0
1,0
1,0
1,0
1,0
1,0
1,0
1,0
1,0
1,0
1,0
1,0
1,0
1,0
1,0
1,0
1,0
1,0
1,0
1,0
1,0
1,0
1,0
1,0
1,0
1,0
1,0
1,0
1,0
1,0
1,5056.6728
1,0
1,4799.1695
1,0
1,0
1,0
1,0
1,0
1,0
1,0
1,0
1,0
1,0
1,0
1,0
1,0
1,0
1,0
1,0
1,0
1,0
1,0
1,0
1,0
1,0
1,0
1,0
1,0
1,0
1,0
1,0
1,0
1,0
1,0
1,0
1,0
1,0
1,0
1,0
1,0
1,0
1,0
1,0
1,0
1,76354.0964
1,0
1,0
1,59066.6728
1,0
1,19166.6728
1,0
1,0
1,0
1,0
1,0
1,9206.6728
1,8532.8275
1,0
1,21766.6728
1,0
1,60666.6728
1,14266.6728
1,0
1,0
1,0
1,0
1,0
1,0
1,0
1,0
1,0
1,0
1,0
1,0
1,0
1,0
1,0
1,0
1,0
1,0
1,0
1,0
1,0
1,0
1,0
1,0
1,0
1,0
1,0
1,0
1,0
1,0
1,0
1,0
1,0
1,0
1,0
1,0
1,0
1,0
1,0
1,0
1,0
1,0
1,0
1,0
1,0
1,0
1,0
1,0
1,0
1,0
1,0
1,0
1,0
1,0
1,16866.6728
1,0
1,0
1,0
1,0
1,0
1,7286.6728
1,9366.6728
1,0
1,0
1,0
1,0
1,0
1,0
1,13046.6728
1,0
1,0
1,0
1,0
1,0
1,0
1,0
1,0
1,0
1,0
1,0
1,0
1,0
1,0
1,0
1,0
1,0
1,0
1,0
1,0
1,0
1,0
1,0
1,0
1,0
1,0
1,0
1,0
1,0
1,0
1,0
1,0
1,0
1,0
1,0
1,0
1,0
1,20358.128
1,30324.0168
1,0
1,0
1,0
1,37066.6728
1,0
1,0
1,38695.294
1,0
1,0
1,0
1,0
1,0
1,0
1,0
1,0
1,0
1,0
1,0
1,0
1,0
1,0
1,0
1,0
1,0
1,0
1,0
1,0
1,0
1,0
1,0
1,0
1,0
1,0
1,0
1,0
1,0
1,0
1,0
1,0
1,0
1,0
1,0
1,0
1,0
1,0
1,0
1,27266.6728
1,0
1,6906.6728
1,0
1,36366.6728
1,27166.6728
1,17066.6728
1,7579.9942
1,27754.695
1,53066.6728
1,24966.6728
1,37366.6728
1,3819893.042
1,360532.0517
1,5086.6728
1,0
1,0
1,0
1,0
1,0
1,0
1,0
1,0
1,0
1,0
1,0
1,0
1,0
1,0
1,0
1,0
1,0
1,0
1,0
1,0
1,0
1,0
1,0
1,0
1,0
1,19466.6728
1,1184139.995
1,0
1,0
1,0
1,0
1,0
1,0
1,0
1,0
1,0
1,0
1,0
1,0
1,0
1,0
1,0
1,0
1,0
1,0
1,0
1,0
1,0
1,0
1,0
1,0
1,0
1,0
1,0
1,0
1,0
1,0
1,0
1,0
1,0
1,0
1,0
1,0
1,0
1,0
1,0
1,0
1,0
1,0
1,0
1,0
1,0
1,0
1,0
1,0
1,0
1,0
1,0
1,0
1,0
1,0
1,0
1,0
1,0
1,0
1,377582.8859
1,0
1,0
1,0
1,0
1,11096.6728
1,0
1,69708.5162
1,209318.8061
1,0
1,11666.6728
1,0
1,13896.6728
1,0
1,0
1,6134.29
1,0
1,24134.2379
1,0
1,12564.5672
1,14428.2354
1,57966.6728
1,73166.6728
1,25732.1509
1,18150.9398
1,26266.6728
1,0
1,5056.6728
1,0
1,5114.5059
1,24220.9582
1,0
1,10936.6728
1,6410.3096
1,11956.6728
1,0
1,75254.2677
1,127584.7432
1,0
1,0
1,0
1,0
1,0
1,0
1,0
1,0
1,0
1,0
1,0
1,0
1,0
1,0
1,0
1,0
1,0
1,0
1,852975.7709
1,32166.6728
1,156586.4898
1,0
1,0
1,0
1,0
1,0
1,0
1,0
1,0
1,0
1,4866.6728
1,99866.6728
1,82566.6728
1,0
1,0
1,0
1,0
1,0
1,0
1,0
1,0
1,0
1,0
1,0
1,0
1,0
1,0
1,0
1,0
1,0
1,0
1,0
1,0
1,0
1,0
1,0
1,0
1,0
1,0
1,0
1,0
1,0
1,0
1,0
1,0
1,0
1,0
1,0
1,0
1,0
1,0
1,0
1,0
1,0
1,0
1,0
1,0
1,0
1,0
1,0
1,0
1,0
1,0
1,0
1,0
1,0
1,29466.6728
1,0
1,27166.6728
1,22466.6728
1,6348.2712
1,173608.9289
1,163836.8565
1,0
1,49666.6728
1,2083666.673
1,0
1,0
1,0
1,26766.6728
1,15366.6728
1,0
1,14406.6728
1,0
1,0
1,0
1,0
1,0
1,0
1,0
1,0
1,0
1,0
1,4796.6728
1,0
1,0
1,0
1,0
1,0
1,0
1,0
1,0
1,0
1,0
1,0
1,24566.6728
1,5548.9733
1,5486.6728
1,7966.6728
1,0
1,0
1,0
1,0
1,0
1,0
1,0
1,0
1,0
1,0
1,0
1,0
1,0
1,0
1,0
1,0
1,0
1,0
1,0
1,0
1,0
1,0
1,0
1,0
1,0
1,0
1,0
1,0
1,0
1,0
1,0
1,0
1,0
1,0
1,0
1,0
1,0
1,0
1,0
1,0
1,0
1,0
1,0
1,0
1,0
1,0
1,0
1,0
1,0
1,0
1,0
1,0
1,0
1,0
1,0
1,0
1,0
1,0
1,0
1,0
1,0
1,0
1,0
1,0
1,0
1,0
1,0
1,0
1,0
1,0
1,0
1,0
1,0
1,0
1,0
1,0
1,0
1,0
1,0
1,0
1,17466.6728
1,0
1,0
1,0
1,0
1,0
1,0
1,0
1,0
1,0
1,0
1,0
1,0
1,0
1,5619.5028
1,0
1,0
1,0
1,0
1,0
1,0
1,0
1,0
1,0
1,0
1,0
1,0
1,0
1,0
1,0
1,0
1,0
1,0
1,0
1,0
1,0
1,0
1,0
1,0
1,0
1,0
1,0
1,0
1,0
1,0
1,0
1,0
1,0
1,0
1,0
1,0
1,0
1,0
1,0
1,0
1,0
1,0
1,0
1,0
1,0
1,0
1,0
1,0
1,0
1,0
1,0
1,0
1,0
1,0
1,0
1,0
1,0
1,0
1,0
1,0
1,0
1,0
1,0
1,0
1,0
1,0
1,0
1,7982.0907
1,0
1,25666.6728
1,0
1,12016.6728
1,23666.6728
1,0
1,0
1,24766.6728
1,82066.6728
1,18166.6728
1,0
1,8466.6728
1,0
1,0
1,0
1,8319.6728
1,0
1,0
1,0
1,0
1,0
1,0
1,0
1,0
1,0
1,0
1,0
1,0
1,0
1,0
1,0
1,0
1,0
1,0
1,0
1,0
1,0
1,0
1,0
1,0
1,0
1,0
1,0
1,0
1,0
1,0
1,0
1,0
1,0
1,0
1,0
1,0
1,0
1,0
1,0
1,0
1,0
1,0
1,0
1,0
1,0
1,0
1,0
1,0
1,0
1,0
1,0
1,0
1,0
1,0
1,0
1,0
1,0
1,0
1,0
1,0
1,0
1,0
1,0
1,0
1,0
1,6546.6728
1,24466.6728
1,0
1,0
1,0
1,0
1,0
1,0
1,0
1,0
1,0
1,0
1,0
1,0
1,0
1,0
1,0
1,0
1,0
1,0
1,0
1,0
1,0
1,0
1,0
1,0
1,0
1,0
1,0
1,0
1,0
1,0
1,0
1,0
1,0
1,0
1,0
1,0
1,0
1,0
1,0
1,0
1,0
1,0
1,0
1,0
1,0
1,0
1,0
1,0
1,0
1,0
1,0
1,0
1,0
1,0
1,0
1,0
1,0
1,0
1,0
1,0
1,0
1,0
1,0
1,0
1,0
1,0
1,0
1,0
1,0
1,0
1,0
1,0
1,0
1,0
1,0
1,0
1,0
1,0
1,0
1,0
1,0
1,0
1,0
1,0
1,0
1,0
1,0
1,0
1,0
1,0
1,0
1,0
1,0
1,0
1,0
1,0
1,0
1,0
1,14456.6728
1,0
1,0
1,0
1,0
1,0
1,0
1,0
1,0
1,0
1,0
1,0
1,0
1,0
1,0
1,21006.543
1,0
1,0
1,0
1,0
1,0
1,0
1,0
1,0
1,0
1,0
1,0
1,0
1,0
1,0
1,0
1,0
1,0
1,0
1,0
1,0
1,31466.6728
1,0
1,0
1,0
1,0
1,0
1,0
1,0
1,0
1,0
1,0
1,0
1,0
1,0
1,0
1,0
1,0
1,0
1,0
1,0
1,0
1,0
1,0
1,0
1,0
1,0
1,0
1,0
1,0
1,0
1,0
1,0
1,0
1,0
1,0
1,0
1,0
1,0
1,0
1,0
1,0
1,0
1,0
1,0
1,0
1,0
1,0
1,0
1,0
1,0
1,0
1,0
1,0
1,0
1,0
1,0
1,0
1,0
1,0
1,0
1,0
1,0
1,0
1,0
1,0
1,0
1,0
1,0
1,0
1,0
1,0
1,0
1,0
1,0
1,0
1,0
1,0
1,0
1,0
1,0
1,0
1,0
1,0
1,0
1,0
1,0
1,0
1,0
1,0
1,0
1,0
1,0
1,0
1,0
1,0
1,0
1,0
1,0
1,0
1,0
1,0
1,0
1,0
1,0
1,0
1,0
1,0
1,0
1,0
1,0
1,0
1,0
1,0
1,0
1,0
1,0
1,0
1,0
1,0
1,0
1,0
1,0
1,0
1,0
1,0
1,0
1,0
1,0
1,0
1,0
1,0
1,0
1,0
1,0
1,0
1,0
1,0
1,0
1,0
1,0
1,0
1,0
1,0
1,0
1,0
1,0
1,0
1,0
1,0
1,0
1,0
1,0
1,0
1,0
1,0
1,0
1,0
1,0
1,0
1,0
1,0
1,0
1,0
1,0
1,0
1,0
1,0
1,0
1,0
1,0
1,0
1,0
1,0
1,0
1,0
1,0
1,0
1,0
1,0
1,0
1,0
1,0
1,0
1,0
1,0
1,0
1,0
1,0
1,0
1,0
1,0
1,0
1,0
1,0
1,0
1,0
1,0
1,79666.6728
1,13916.6728
1,0
1,437666.6728
1,5176.6728
1,197875.8965
1,118666.6728
1,273666.6728
1,16866.6728
1,0
1,26530.8669
1,0
1,11426.6728
1,5096.6728
1,5501.7766
1,28166.6728
1,0
1,0
1,5926.6728
1,6756.6728
1,79111.2648
1,5686.6728
1,170666.6728
1,0
1,0
1,371567.7602
1,0
1,35366.6728
1,0
1,0
1,0
1,0
1,0
1,0
1,0
1,0
1,0
1,0
1,0
1,0
1,0
1,0
1,0
1,0
1,0
1,0
1,0
1,0
1,0
1,0
1,0
1,0
1,0
1,0
1,0
1,0
1,0
1,0
1,0
1,0
1,0
1,0
1,0
1,0
1,0
1,0
1,0
1,0
1,0
1,0
1,0
1,0
1,0
1,0
1,0
1,0
1,0
1,0
1,0
1,0
1,0
1,0
1,0
1,0
1,0
1,0
1,0
1,0
1,69666.6728
1,0
1,0
1,0
1,0
1,0
1,0
1,0
1,0
1,0
1,0
1,0
1,0
1,0
1,0
1,0
1,0
1,0
1,0
1,73766.6728
1,168666.6728
1,0
1,0
1,0
1,0
1,0
1,0
1,0
1,0
1,10701.0162
1,5306.6728
1,12456.6728
1,4912.5606
1,0
1,14226.6728
1,37362.9823
1,5456.6728
1,0
1,15666.6728
1,4796.6728
1,8666.6728
1,16665.6549
1,9306.6728
1,0
1,0
1,80622.5593
1,0
1,5296.6728
1,21566.6728
1,0
1,0
1,0
1,0
1,0
1,0
1,0
1,0
1,0
1,0
1,0
1,0
1,0
1,0
1,0
1,0
1,0
1,0
1,0
1,0
1,0
1,0
1,0
1,0
1,0
1,0
1,0
1,0
1,0
1,12596.6728
1,0
1,5256.6728
1,43625.9801
1,0
1,0
1,0
1,0
1,0
1,0
1,0
1,0
1,0
1,0
1,0
1,0
1,0
1,32166.6728
1,0
1,360843.9862
1,41566.6728
1,10606.6728
1,0
1,0
1,7176.6728
1,0
1,16166.6728
1,12956.6728
1,8576.6728
1,20266.6728
1,18566.6728
1,90227.7602
1,37181.123
1,5396.6728
1,0
1,0
1,0
1,0
1,0
1,0
1,0
1,0
1,0
1,0
1,0
1,0
1,0
1,0
1,0
1,0
1,0
1,0
1,0
1,0
1,0
1,0
1,0
1,0
1,0
1,0
1,0
1,0
1,0
1,0
1,14866.6728
1,0
1,0
1,0
1,0
1,0
1,0
1,0
1,0
1,0
1,0
1,0
1,0
1,0
1,0
1,0
1,0
1,0
1,0
1,0
1,0
1,0
1,0
1,0
1,0
1,0
1,0
1,0
1,0
1,0
1,0
1,0
1,0
1,0
1,0
1,0
1,0
1,0
1,0
1,0
1,0
1,0
1,0
1,0
1,0
1,0
1,0
1,0
1,0
1,0
1,0
1,0
1,0
1,0
1,0
1,0
1,0
1,0
1,0
1,0
1,0
1,0
1,0
1,0
1,0
1,0
1,0
1,0
1,0
1,7706.6728
1,0
1,0
1,0
1,0
1,0
1,0
1,0
1,0
1,0
1,0
1,0
1,0
1,0
1,0
1,0
1,0
1,0
1,0
1,0
1,0
1,0
1,0
1,0
1,0
1,0
1,0
1,0
1,0
1,0
1,0
1,0
1,0
1,0
1,0
1,0
1,0
1,0
1,0
1,0
1,0
1,0
1,0
1,0
1,0
1,0
1,0
1,0
1,0
1,0
1,0
1,0
1,0
1,0
1,0
1,0
1,0
1,0
1,0
1,0
1,0
1,0
1,0
1,0
1,0
1,0
1,0
1,0
1,0
1,0
1,0
1,0
1,0
1,0
1,0
1,0
1,0
1,0
1,0
1,0
1,0
1,0
1,0
1,0
1,0
1,0
1,0
1,0
1,0
1,0
1,0
1,0
1,0
1,0
1,0
1,0
1,0
1,0
1,0
1,0
1,0
1,0
1,0
1,0
1,0
1,0
1,0
1,0
1,0
1,0
1,0
1,0
1,0
1,0
1,0
1,0
1,0
1,0
1,0
1,0
1,0
1,0
1,0
1,0
1,0
1,0
1,20966.6728
1,10706.6728
1,47166.6728
1,233446.9358
1,0
1,0
1,0
1,0
1,45366.6728
1,524809.8915
1,53700.4745
1,17458.81
1,14636.6728
1,0
1,0
1,0
1,0
1,0
1,0
1,0
1,0
1,0
1,0
1,0
1,0
1,0
1,0
1,0
1,0
1,0
1,0
1,0
1,0
1,0
1,0
1,0
1,0
1,0
1,0
1,0
1,0
1,0
1,0
1,0
1,0
1,0
1,0
1,0
1,0
1,0
1,0
1,0
1,0
1,0
1,0
1,0
1,0
1,0
1,0
1,0
1,0
1,0
1,0
1,0
1,0
1,0
1,0
1,0
1,0
1,0
1,0
1,0
1,0
1,0
1,0
1,0
1,0
1,0
1,0
1,0
1,0
1,0
1,0
1,0
1,0
1,0
1,0
1,0
1,0
1,0
1,0
1,0
1,0
1,0
1,0
1,0
1,0
1,0
1,0
1,0
1,0
1,0
1,0
1,0
1,0
1,0
1,0
1,0
1,0
1,0
1,0
1,0
1,0
1,0
1,0
1,0
1,0
1,0
1,0
1,84666.6728
1,0
1,0
1,11506.6728
1,9266.6728
1,0
1,0
1,0
1,0
1,0
1,0
1,0
1,0
1,0
1,0
1,0
1,0
1,0
1,0
1,0
1,0
1,0
1,0
1,0
1,0
1,0
1,0
1,0
1,0
1,0
1,0
1,0
1,0
1,0
1,0
1,0
1,0
1,0
1,0
1,0
1,0
1,0
1,0
1,0
1,0
1,0
1,0
1,0
1,0
1,0
1,0
1,0
1,0
1,0
1,0
1,0
1,0
1,0
1,0
1,0
1,0
1,0
1,0
1,0
1,0
1,0
1,0
1,0
1,0
1,0
1,0
1,0
1,0
1,0
1,0
1,0
1,0
1,0
1,0
1,0
1,0
1,0
1,0
1,0
1,0
1,0
1,0
1,0
1,0
1,0
1,0
1,0
1,0
1,0
1,0
1,0
1,0
1,0
1,0
1,0
1,0
1,0
1,0
1,0
1,0
1,0
1,0
1,0
1,0
1,0
1,0
1,0
1,0
1,0
1,0
1,0
1,0
1,0
1,0
1,0
1,0
1,0
1,0
1,0
1,0
1,9456.6728
1,6602.9774
1,5716.6728
1,0
1,5356.6728
1,14129.6927
1,14666.6728
1,0
1,0
1,0
1,0
1,0
1,0
1,0
1,0
1,0
1,0
1,0
1,0
1,0
1,0
1,0
1,0
1,0
1,0
1,0
1,0
1,0
1,0
1,0
1,0
1,0
1,0
1,0
1,0
1,0
1,0
1,0
1,0
1,0
1,0
1,415221.0016
1,0
1,66866.6728
1,0
1,0
1,0
1,0
1,0
1,0
1,0
1,0
1,0
1,0
1,0
1,0
1,0
1,0
1,0
1,0
1,0
1,0
1,0
1,0
1,0
1,0
1,0
1,0
1,0
1,0
1,0
1,0
1,0
1,0
1,0
1,0
1,0
1,0
1,0
1,0
1,0
1,0
1,0
1,0
1,0
1,0
1,0
1,0
1,0
1,0
1,0
1,0
1,0
1,0
1,0
1,0
1,0
1,0
1,0
1,0
1,0
1,0
1,0
1,0
1,0
1,0
1,0
1,0
1,0
1,0
1,0
1,0
1,0
1,0
1,0
1,0
1,0
1,0
1,0
1,0
1,0
1,0
1,0
1,0
1,157513.7021
1,0
1,0
1,0
1,0
1,0
1,0
1,0
1,0
1,0
1,0
1,0
1,0
1,0
1,0
1,0
1,0
1,0
1,0
1,0
1,0
1,0
1,0
1,0
1,0
1,0
1,0
1,0
1,0
1,0
1,0
1,0
1,0
1,0
1,0
1,0
1,0
1,0
1,0
1,0
1,0
1,0
1,0
1,0
1,0
1,0
1,0
1,0
1,0
1,0
1,0
1,0
1,0
1,0
1,0
1,0
1,0
1,0
1,0
1,0
1,0
1,0
1,0
1,0
1,0
1,0
1,0
1,0
1,0
1,0
1,0
1,0
1,0
1,0
1,0
1,0
1,0
1,0
1,0
1,0
1,0
1,0
1,0
1,0
1,0
1,0
1,0
1,0
1,0
1,0
1,0
1,0
1,0
1,0
1,0
1,0
1,0
1,0
1,0
1,0
1,0
1,0
1,0
1,0
1,0
1,0
1,0
1,0
1,0
1,0
1,0
1,0
1,0
1,0
1,0
1,0
1,0
1,0
1,0
1,0
1,0
1,68832979.24
1,5086.6728
1,0
1,0
1,0
1,0
1,89366.67
1,18666.6728
1,0
1,9856.6728
1,11990.1212
1,6217.6952
1,8353.4927
1,0
1,57466.6728
1,4796.6728
1,72366.6728
1,0
1,0
1,0
1,0
1,0
1,0
1,0
1,0
1,0
1,0
1,0
1,14666.6728
1,0
1,0
1,9523.7934
1,0
1,57743.8685
1,5766.6728
1,214666.6728
1,4926.6728
1,0
1,16366.6728
1,0
1,20866.6728
1,0
1,45566.6728
1,10006.6728
1,34966.6728
1,21708.7601
1,4736.6728
1,0
1,18966.6728
1,0
1,24166.6728
1,0
1,0
1,0
1,0
1,9046.6728
1,0
1,5636.6728
1,11356.6728
1,6316.6728
1,198243.4371
1,20666.6728
1,15266.6728
1,6946.6728
1,20266.6728
1,40266.6728
1,64704.778
1,42066.6728
1,0
1,4736.6728
1,0
1,0
1,35266.6728
1,52766.6728
1,11136.6728
1,20966.6728
1,12486.6728
1,37532.3684
1,0
1,0
1,0
1,0
1,0
1,0
1,0
1,0
1,0
1,0
1,0
1,0
1,0
1,0
1,0
1,0
1,0
1,0
1,0
1,0
1,0
1,0
1,0
1,0
1,0
1,0
1,0
1,0
1,0
1,0
1,0
1,0
1,0
1,0
1,0
1,0
1,0
1,0
1,0
1,0
1,0
1,0
1,0
1,0
1,0
1,0
1,0
1,16786.4154
1,0
1,0
1,0
1,0
1,0
1,0
1,0
1,0
1,0
1,0
1,0
1,0
1,0
1,0
1,0
1,0
1,0
1,0
1,0
1,0
1,0
1,0
1,0
1,0
1,0
1,0
1,0
1,0
1,4883.123
1,0
1,0
1,85098.6488
1,22436.2978
1,0
1,0
1,326435.3976
1,8016.6728
1,0
1,0
1,4746.6728
1,56766.6728
1,130666.6728
1,27166.6728
1,0
1,1275143.219
1,0
1,33412.5808
1,0
1,0
1,0
1,0
1,0
1,0
1,0
1,0
1,0
1,0
1,0
1,0
1,0
1,0
1,0
1,0
1,0
1,0
1,0
1,0
1,0
1,0
1,0
1,33526.7005
1,0
1,0
1,0
1,0
1,0
1,0
1,0
1,0
1,0
1,0
1,0
1,0
1,0
1,0
1,6846.6728
1,0
1,23659.8764
1,26066.6728
1,23066.6728
1,4746.6728
1,101566.6728
1,72933.4151
1,0
1,0
1,0
1,12606.6728
1,8911.7142
1,5636.6728
1,39848.1443
1,118666.6728
1,109666.6728
1,141595.4807
1,0
1,0
1,0
1,0
1,0
1,0
1,0
1,0
1,0
1,0
1,0
1,0
1,0
1,0
1,0
1,0
1,0
1,0
1,0
1,0
1,0
1,0
1,0
1,0
1,0
1,0
1,0
1,0
1,0
1,0
1,0
1,0
1,0
1,0
1,0
1,0
1,0
1,0
1,0
1,0
1,0
1,0
1,0
1,0
1,0
1,0
1,0
1,0
1,0
1,0
1,0
1,0
1,0
1,0
1,0
1,0
1,0
1,0
1,0
1,0
1,0
1,0
1,0
1,0
1,0
1,0
1,0
1,0
1,0
1,0
1,0
1,0
1,0
1,0
1,124902.8749
1,0
1,0
1,18036.6492
1,0
1,0
1,0
1,0
1,0
1,0
1,0
1,0
1,0
1,0
1,0
1,0
1,0
1,0
1,0
1,0
1,0
1,0
1,0
1,0
1,0
1,0
1,0
1,0
1,0
1,0
1,0
1,0
1,0
1,0
1,0
1,0
1,0
1,0
1,0
1,0
1,0
1,0
1,0
1,0
1,0
1,0
1,0
1,0
1,0
1,0
1,0
1,0
1,0
1,0
1,0
1,0
1,0
1,0
1,0
1,0
1,0
1,0
1,0
1,0
1,0
1,0
1,0
1,0
1,0
1,0
1,0
1,0
1,0
1,0
1,0
1,0
1,0
1,0
1,0
1,0
1,0
1,0
1,0
1,0
1,0
1,0
1,0
1,0
1,0
1,0
1,0
1,0
1,0
1,0
1,0
1,0
1,0
1,0
1,0
1,0
1,0
1,0
1,0
1,0
1,0
1,0
1,23511.643
1,0
1,0
1,0
1,0
1,0
1,0
1,0
1,0
1,0
1,0
1,0
1,0
1,0
1,0
1,0
1,0
1,0
1,0
1,0
1,0
1,0
1,0
1,0
1,0
1,0
1,0
1,0
1,0
1,0
1,0
1,0
1,0
1,0
1,0
1,0
1,0
1,0
1,0
1,0
1,0
1,0
1,0
1,0
1,0
1,0
1,0
1,0
1,0
1,0
1,0
1,0
1,0
1,0
1,0
1,0
1,0
1,0
1,0
1,0
1,5766.6728
1,5076.6553
1,378307.4183
1,0
1,0
1,318511.6899
1,64366.6728
1,30166.6728
1,18866.6728
1,0
1,0
1,24966.6728
1,166012.8569
1,14666.6728
1,13546.6728
1,0
1,11336.6728
1,0
1,0
1,0
1,0
1,0
1,0
1,0
1,6386.6728
1,4985.0255
1,0
1,0
1,0
1,0
1,0
1,0
1,0
1,0
1,0
1,0
1,0
1,0
1,0
1,0
1,0
1,0
1,0
1,0
1,0
1,0
1,0
1,0
1,0
1,0
1,0
1,0
1,0
1,0
1,0
1,0
1,0
1,0
1,0
1,0
1,0
1,0
1,0
1,0
1,0
1,0
1,0
1,0
1,0
1,0
1,0
1,0
1,0
1,0
1,0
1,0
1,0
1,0
1,0
1,0
1,0
1,0
1,0
1,0
1,0
1,0
1,0
1,0
1,0
1,0
1,0
1,0
1,12176.6728
1,10846.6728
1,13036.6728
1,4898.0464
1,0
1,5436.6728
1,0
1,0
1,5079.8298
1,0
1,0
1,0
1,0
1,0
1,0
1,0
1,0
1,0
1,0
1,0
1,0
1,0
1,0
1,0
1,0
1,0
1,0
1,0
1,0
1,5996.6728
1,5406.6728
1,6256.6728
1,276907.123
1,0
1,0
1,10856.6728
1,0
1,24766.6728
1,25566.6728
1,0
1,0
1,0
1,0
1,0
1,0
1,0
1,0
1,0
1,0
1,0
1,0
1,0
1,0
1,0
1,0
1,0
1,0
1,0
1,0
1,0
1,0
1,0
1,0
1,0
1,0
1,0
1,0
1,0
1,0
1,0
1,0
1,0
1,0
1,0
1,0
1,0
1,0
1,0
1,0
1,0
1,0
1,0
1,0
1,0
1,0
1,0
1,0
1,0
1,0
1,0
1,0
1,0
1,0
1,0
1,0
1,0
1,0
1,0
1,0
1,0
1,0
1,0
1,0
1,0
1,0
1,0
1,0
1,0
1,0
1,0
1,0
1,0
1,0
1,0
1,0
1,0
1,0
1,0
1,0
1,0
1,0
1,0
1,0
1,0
1,0
1,0
1,57766.6728
1,5186.6728
1,18966.6728
1,0
1,0
1,11946.6728
1,6196.6728
1,0
1,0
1,0
1,0
1,0
1,0
1,0
1,0
1,0
1,0
1,0
1,0
1,0
1,7865.1767
1,24766.6728
1,0
1,27866.6728
1,0
1,0
1,0
1,15219.9362
1,11266.6728
1,0
1,9736.6728
1,0
1,16266.6728
1,7886.6728
1,220666.6728
1,756137.4455
1,982068.4523
1,0
1,0
1,0
1,0
1,84266.6728
1,8034.3645
1,181160.0809
1,9486.6728
1,26787.7683
1,10206.6728
1,5386.6728
1,100766.6728
1,0
1,0
1,7266.6728
1,8924.8851
1,8436.6728
1,4956.6728
1,204280.6814
1,4746.6728
1,0
1,13279495.83
1,17336.2499
1,0
1,9056.6728
1,19666.6728
1,17598.2624
1,22926.5937
1,49066.6728
1,0
1,9146.6728
1,122486.2031
1,909764.7613
1,0
1,5046.6728
1,28411.9882
1,6918.9873
1,12886.6728
1,0
1,11146.6728
1,16366.6728
1,0
1,10899.582
1,7936.6728
1,5345.2126
1,0
1,0
1,0
1,0
1,0
1,0
1,0
1,0
1,0
1,0
1,0
1,0
1,0
1,0
1,0
1,0
1,0
1,0
1,0
1,0
1,0
1,0
1,0
1,0
1,0
1,0
1,0
1,0
1,0
1,0
1,0
1,0
1,0
1,0
1,0
1,0
1,0
1,0
1,0
1,0
1,0
1,0
1,0
1,0
1,0
1,0
1,0
1,0
1,0
1,0
1,0
1,0
1,0
1,0
1,0
1,0
1,0
1,0
1,0
1,0
1,0
1,0
1,0
1,0
1,0
1,0
1,0
1,0
1,0
1,0
1,0
1,0
1,0
1,0
1,0
1,0
1,0
1,0
1,0
1,0
1,0
1,0
1,0
1,0
1,0
1,0
1,0
1,0
1,0
1,0
1,0
1,0
1,0
1,0
1,0
1,0
1,0
1,0
1,0
1,0
1,0
1,0
1,0
1,0
1,0
1,0
1,0
1,0
1,0
1,0
1,0
1,0
1,0
1,0
1,0
1,0
1,0
1,0
1,8466.6728
1,6596.6728
1,16166.6728
1,0
1,0
1,0
1,0
1,0
1,0
1,0
1,0
1,0
1,5636.6728
1,0
1,0
1,0
1,0
1,0
1,0
1,0
1,0
1,0
1,0
1,0
1,0
1,0
1,0
1,0
1,0
1,0
1,0
1,0
1,0
1,0
1,0
1,0
1,0
1,0
1,0
1,0
1,0
1,0
1,0
1,0
1,0
1,0
1,0
1,0
1,0
1,0
1,0
1,0
1,0
1,0
1,0
1,0
1,0
1,0
1,44666.6728
1,323666.6728
1,27754.695
1,0
1,204666.6728
1,0
1,0
1,0
1,0
1,0
1,0
1,0
1,0
1,0
1,0
1,0
1,0
1,0
1,0
1,0
1,0
1,0
1,0
1,0
1,0
1,4796.6728
1,238608.6549
1,0
1,0
1,0
1,0
1,0
1,0
1,4816.6728
1,19741.2331
1,0
1,0
1,0
1,0
1,0
1,0
1,0
1,0
1,0
1,0
1,0
1,0
1,0
1,0
1,0
1,0
1,0
1,0
1,0
1,0
1,0
1,0
1,0
1,0
1,0
1,0
1,0
1,0
1,0
1,0
1,0
1,0
1,0
1,0
1,0
1,0
1,0
1,0
1,0
1,0
1,0
1,0
1,0
1,0
1,0
1,0
1,0
1,0
1,0
1,0
1,0
1,0
1,0
1,0
1,0
1,0
1,0
1,0
1,0
1,0
1,0
1,0
1,0
1,0
1,0
1,0
1,0
1,0
1,0
1,0
1,0
1,0
1,0
1,0
1,0
1,0
1,0
1,0
1,0
1,0
1,0
1,0
1,0
1,0
1,9426.6728
1,0
1,0
1,0
1,0
1,0
1,0
1,0
1,0
1,15766.6728
1,0
1,398690.5681
1,4796.6728
1,5046.6728
1,19166.6728
1,0
1,0
1,0
1,0
1,0
1,0
1,0
1,0
1,0
1,0
1,0
1,0
1,0
1,0
1,0
1,0
1,0
1,0
1,0
1,0
1,0
1,0
1,0
1,0
1,0
1,0
1,0
1,0
1,0
1,0
1,0
1,0
1,0
1,0
1,0
1,0
1,0
1,0
1,0
1,0
1,0
1,0
1,0
1,0
1,0
1,0
1,0
1,5106.6728
1,0
1,0
1,0
1,0
1,0
1,0
1,0
1,0
1,0
1,0
1,0
1,0
1,0
1,0
1,4766.6728
1,702869.7698
1,11106.6728
1,0
1,0
1,0
1,0
1,0
1,0
1,11757.4506
1,0
1,0
1,17266.6728
1,174382.7035
1,19866.6728
1,0
1,46066.6728
1,0
1,656394.112
1,34873.9759
1,12686.6728
1,0
1,0
1,104666.6728
1,11116.6728
1,5246.6728
1,0
1,0
1,0
1,0
1,192666.6728
1,4796.6728
1,35366.6728
1,46593.3935
1,26066.6728
1,0
1,0
1,0
1,0
1,0
1,0
1,0
1,0
1,0
1,0
1,4746.6728
1,9169.3925
1,0
1,6316.6728
1,0
1,6666.6728
1,6326.6728
1,18766.6728
1,20599.7764
1,23766.6728
1,0
1,0
1,0
1,0
1,0
1,0
1,0
1,0
1,0
1,0
1,0
1,9436.6728
1,0
1,18714.3934
1,0
1,0
1,16990.3592
1,0
1,16566.6728
1,45966.6728
1,5586.6728
1,34166.6728
1,0
1,0
1,4736.6728
1,69302.1096
1,9196.6728
1,31390.1494
1,18566.6728
1,11736.6728
1,0
1,5106.6728
1,0
1,11244.4185
1,25866.6728
1,25405860.86
1,0
1,0
1,8269.2379
1,1090627.028
1,21666.6728
1,18166.6728
1,0
1,4946.6728
1,91566.6728
1,8906.6728
1,4736.6728
1,0
1,0
1,0
1,0
1,0
1,5386.6728
1,7218.7702
1,34971767.88
1,14626.6728
1,0
1,14966.6728
1,25366.6728
1,0
1,21066.6728
1,7407.8839
1,6094773.423
1,0
1,12586.6728
1,5436.6728
1,4926.6728
1,188401.3429
1,123939.5551
1,4975.5285
1,0
1,0
1,17466.6728
1,42539.5494
1,158666.6728
1,1205867.719
1,72966.6728
1,16466.6728
1,0
1,97490.3796
1,9616.6728
1,5196.6728
1,0
1,62466.6728
1,0
1,434128.253
1,17666.6728
1,0
1,15166.6728
1,4719.3133
1,4776.6728
1,112666.6728
1,0
1,1137185.433
1,4736.6728
1,0
1,9896.6728
1,220116.0001
1,0
1,0
1,4796.6728
1,102683.6718
1,0
1,11993.9897
1,27766.6728
1,0
1,53066.6728
1,36866.6728
1,5096.6728
1,0
1,71266.6728
1,10336.6728
1,19066.6728
1,18366.6728
1,13393.7527
1,39366.6728
1,0
1,102866.6728
1,0
1,0
1,31166.6728
1,0
1,0
1,14046.6728
1,0
1,5096.6728
1,0
1,27615.6254
1,5066.6728
1,98866.6728
1,14138.8298
1,5956.6728
1,0
1,0
1,0
1,12561.4099
1,34689.7028
1,28066.6728
1,0
1,8756.6728
1,39266.6728
1,6526.6728
1,16666.6728
1,0
1,7446.6728
1,9526.6728
1,13373.551
1,0
1,21692.068
1,9266.6728
1,0
1,15066.6728
1,5356.6728
1,20788.8993
1,4998.0373
1,37566.6728
1,12676.6728
1,21054.9508
1,0
1,0
1,0
1,5546.6728
1,124666.6728
1,19566.6728
1,0
1,60366.6728
1,158666.6728
1,0
1,0
1,0
1,0
1,0
1,0
1,0
1,0
1,0
1,0
1,0
1,0
1,0
1,0
1,0
1,0
1,0
1,0
1,0
1,0
1,0
1,0
1,0
1,0
1,0
1,0
1,0
1,0
1,0
1,0
1,0
1,0
1,0
1,0
1,0
1,0
1,0
1,0
1,0
1,0
1,0
1,0
1,0
1,0
1,0
1,0
1,0
1,0
1,0
1,0
1,0
1,0
1,0
1,0
1,0
1,0
1,0
1,0
1,0
1,0
1,0
1,0
1,0
1,0
1,0
1,0
1,0
1,0
1,0
1,0
1,0
1,0
1,0
1,0
1,0
1,0
1,0
1,0
1,0
1,0
1,0
1,0
1,0
1,0
1,0
1,0
1,0
1,0
1,0
1,0
1,0
1,0
1,0
1,0
1,0
1,0
1,0
1,0
1,0
1,0
1,0
1,0
1,0
1,0
1,0
1,0
1,0
1,0
1,0
1,0
1,0
1,0
1,0
1,0
1,0
1,0
1,0
1,0
1,0
1,0
1,0
1,0
1,0
1,0
1,0
1,0
1,0
1,0
1,0
1,0
1,0
1,0
1,0
1,0
1,0
1,0
1,0
1,0
1,15366.6728
1,7176.6728
1,0
1,0
1,0
1,0
1,0
1,0
1,0
1,0
1,0
1,0
1,0
1,0
1,0
1,0
1,0
1,0
1,0
1,0
1,0
1,0
1,0
1,0
1,0
1,0
1,0
1,0
1,0
1,0
1,0
1,0
1,0
1,0
1,0
1,0
1,0
1,0
1,0
1,0
1,0
1,0
1,0
1,0
1,0
1,0
1,0
1,0
1,0
1,0
1,0
1,0
1,0
1,0
1,0
1,0
1,0
1,0
1,0
1,0
1,0
1,0
1,0
1,0
1,0
1,0
1,0
1,0
1,0
1,0
1,0
1,0
1,0
1,0
1,0
1,0
1,0
1,15366.6728
1,0
1,0
1,0
1,0
1,0
1,0
1,0
1,0
1,0
1,0
1,0
1,0
1,0
1,0
1,0
1,0
1,0
1,0
1,0
1,0
1,0
1,0
1,0
1,0
1,0
1,0
1,0
1,0
1,0
1,0
1,0
1,0
1,0
1,0
1,0
1,0
1,0
1,0
1,0
1,0
1,0
1,0
1,0
1,0
1,0
1,0
1,0
1,0
1,0
1,0
1,0
1,0
1,0
1,0
1,0
1,0
1,0
1,0
1,0
1,0
1,0
1,0
1,0
1,0
1,0
1,0
1,0
1,0
1,0
1,0
1,0
1,0
1,0
1,0
1,0
1,0
1,0
1,0
1,0
1,0
1,0
1,0
1,0
1,0
1,0
1,0
1,0
1,0
1,0
1,0
1,0
1,0
1,0
1,0
1,0
1,0
1,0
1,0
1,0
1,0
1,0
1,0
1,0
1,0
1,0
1,0
1,0
1,0
1,0
1,0
1,0
1,0
1,0
1,0
1,0
1,0
1,0
1,18166.6728
1,8964.0587
1,0
1,8136.6728
1,0
1,0
1,0
1,0
1,0
1,0
1,0
1,0
1,0
1,0
1,0
1,0
1,0
1,0
1,0
1,0
1,0
1,0
1,0
1,0
1,0
1,0
1,0
1,0
1,0
1,0
1,0
1,0
1,0
1,0
1,0
1,0
1,0
1,0
1,0
1,0
1,0
1,0
1,0
1,0
1,0
1,12166.6728
1,0
1,0
1,0
1,0
1,0
1,0
1,0
1,0
1,0
1,0
1,0
1,0
1,0
1,140516.3534
1,0
1,11716.6728
1,0
1,0
1,0
1,0
1,0
1,0
1,0
1,0
1,0
1,0
1,0
1,0
1,0
1,0
1,0
1,0
1,0
1,0
1,0
1,0
1,0
1,0
1,0
1,0
1,0
1,0
1,0
1,0
1,0
1,0
1,0
1,0
1,0
1,0
1,0
1,0
1,0
1,0
1,0
1,0
1,0
1,0
1,0
1,0
1,0
1,0
1,0
1,0
1,0
1,0
1,0
1,0
1,0
1,0
1,0
1,0
1,0
1,0
1,0
1,0
1,0
1,0
1,0
1,0
1,0
1,10716.6728
1,0
1,0
1,0
1,0
1,0
1,0
1,0
1,0
1,0
1,0
1,0
1,0
1,0
1,0
1,0
1,0
1,0
1,0
1,0
1,0
1,0
1,0
1,0
1,0
1,0
1,0
1,0
1,0
1,0
1,0
1,0
1,0
1,0
1,0
1,0
1,0
1,0
1,0
1,0
1,0
1,0
1,0
1,0
1,0
1,0
1,43466.6728
1,6666.6728
1,16266.6728
1,0
1,0
1,0
1,0
1,0
1,0
1,0
1,16966.6728
1,0
1,17166.6728
1,0
1,0
1,0
1,0
1,0
1,0
1,0
1,0
1,0
1,0
1,0
1,0
1,0
1,0
1,0
1,0
1,0
1,0
1,0
1,0
1,0
1,0
1,0
1,0
1,0
1,0
1,0
1,0
1,0
1,0
1,0
1,0
1,0
1,0
1,0
1,0
1,0
1,0
1,0
1,0
1,0
1,0
1,0
1,0
1,0
1,0
1,0
1,0
1,0
1,0
1,0
1,0
1,0
1,0
1,0
1,0
1,0
1,0
1,0
1,0
1,0
1,0
1,0
1,0
1,0
1,0
1,0
1,0
1,0
1,0
1,0
1,0
1,0
1,0
1,0
1,0
1,0
1,0
1,0
1,0
1,0
1,0
1,0
1,0
1,0
1,0
1,0
1,0
1,0
1,0
1,0
1,0
1,0
1,0
1,0
1,0
1,0
1,0
1,0
1,0
1,0
1,0
1,0
1,0
1,0
1,0
1,0
1,0
1,0
1,0
1,0
1,0
1,0
1,0
1,93800.6646
1,0
1,0
1,0
1,0
1,0
1,0
1,0
1,0
1,0
1,0
1,0
1,0
1,0
1,0
1,0
1,0
1,0
1,0
1,0
1,0
1,0
1,0
1,0
1,0
1,0
1,0
1,0
1,0
1,0
1,0
1,0
1,0
1,0
1,0
1,0
1,0
1,0
1,0
1,0
1,0
1,0
1,0
1,0
1,0
1,0
1,0
1,0
1,0
1,0
1,0
1,0
1,0
1,0
1,0
1,0
1,0
1,0
1,0
1,0
1,0
1,0
1,0
1,0
1,0
1,0
1,0
1,0
1,0
1,0
1,0
1,0
1,0
1,0
1,0
1,0
1,0
1,0
1,0
1,0
1,0
1,0
1,0
1,0
1,0
1,0
1,0
1,0
1,0
1,0
1,0
1,0
1,0
1,0
1,0
1,0
1,0
1,0
1,35904.2252
1,5556.6728
1,18466.6728
1,15366.6728
1,219798.5456
1,0
1,0
1,0
1,0
1,0
1,0
1,0
1,0
1,0
1,0
1,0
1,0
1,0
1,0
1,0
1,0
1,0
1,0
1,0
1,0
1,0
1,0
1,0
1,0
1,0
1,0
1,0
1,0
1,0
1,0
1,0
1,0
1,0
1,0
1,0
1,0
1,0
1,0
1,0
1,0
1,0
1,0
1,0
1,0
1,0
1,0
1,0
1,0
1,0
1,0
1,0
1,0
1,0
1,0
1,0
1,0
1,0
1,0
1,0
1,0
1,0
1,0
1,0
1,0
1,0
1,0
1,0
1,0
1,0
1,0
1,0
1,0
1,0
1,0
1,0
1,0
1,0
1,0
1,7656.6728
1,422191.0686
1,13376.6728
1,19366.6728
1,12886.6728
1,0
1,8766.6728
1,0
1,0
1,0
1,23766.6728
1,0
1,18427.7851
1,0
1,0
1,0
1,0
1,0
1,0
1,0
1,88966.6728
1,2976383.753
1,0
1,14436.6728
1,196106.0666
1,9826.6728
1,67166.6728
1,4828.6915
1,0
1,22966.6728
1,5256.6728
1,0
1,0
1,0
1,114528.9026
1,25066.6728
1,89366.6728
1,35762.6533
1,5736.6728
1,18266.6728
1,0
1,0
1,415712.4468
1,26166.6728
1,0
1,0
1,0
1,0
1,0
1,5816.6728
1,0
1,0
1,0
1,0
1,0
1,0
1,0
1,0
1,0
1,0
1,0
1,0
1,0
1,0
1,0
1,0
1,0
1,0
1,0
1,0
1,0
1,77366.6728
1,11283.311
1,12796.6728
1,0
1,6206.6728
1,11796.6728
1,617666.6728
1,7000.3722
1,27754.695
1,0
1,8686.6728
1,23466.6728
1,0
1,0
1,0
1,0
1,0
1,0
1,0
1,0
1,0
1,0
1,0
1,0
1,0
1,0
1,0
1,0
1,0
1,0
1,0
1,0
1,0
1,0
1,0
1,0
1,0
1,0
1,0
1,0
1,0
1,0
1,23166.6728
1,0
1,0
1,0
1,0
1,0
1,0
1,0
1,0
1,0
1,0
1,0
1,0
1,0
1,0
1,0
1,0
1,0
1,0
1,0
1,0
1,0
1,0
1,0
1,0
1,0
1,118046.3118
1,0
1,91566.6728
1,975107.6074
1,6716.6728
1,80582.0907
1,5035.0737
1,0
1,0
1,0
1,0
1,0
1,0
1,0
1,0
1,0
1,0
1,0
1,0
1,0
1,0
1,0
1,71866.6728
1,7962.8211
1,0
1,0
1,0
1,0
1,0
1,0
1,0
1,0
1,0
1,0
1,0
1,0
1,0
1,0
1,0
1,0
1,5256.6728
1,9461.8075
1,5409.8739
1,82979.7604
1,4736.6728
1,28684.4869
1,0
1,0
1,0
1,0
1,0
1,0
1,0
1,0
1,7070.8061
1,0
1,23566.6728
1,5726.6728
1,17966.6728
1,5636.6728
1,7156.6728
1,32466.6728
1,0
1,5396.6728
1,9659.557
1,0
1,0
1,14586.6728
1,19060.2424
1,0
1,0
1,0
1,0
1,0
1,0
1,0
1,0
1,0
1,0
1,9722.5644
1,4746.6728
1,5126.6728
1,8430.1812
1,0
1,0
1,6656.6728
1,0
1,89603.5322
1,0
1,0
1,4747.4259
1,0
1,0
1,0
1,0
1,0
1,0
1,0
1,0
1,263666.6728
1,0
1,21966.6728
1,13336.6728
1,3760666.673
1,49190.7882
1,14880.4449
1,13646.6728
1,14396.6728
1,9626.6728
1,16966.6728
1,4936.6728
1,38766.6728
1,7298.0545
1,33066.6728
1,6696.6728
1,0
1,18566.6728
1,0
1,5066.6728
1,13886.6728
1,0
1,12246.6728
1,0
1,47166.6728
1,17066.6728
1,0
1,14201069.67
1,153553.4421
1,61266.6728
1,16032.084
1,0
1,17619.8636
1,8466.6728
1,123551.1223
1,11472.5842
1,46466.6728
1,9696.6728
1,29072.2564
1,33566.6728
1,0
1,5586.6728
1,32366.6728
1,0
1,11026.6728
1,55466.6728
1,6946.6728
1,14076.6728
1,8237703.667
1,12456.6728
1,46266.6728
1,12416.6728
1,22466.6728
1,15966.6728
1,35362.4171
1,146666.6728
1,0
1,0
1,0
1,0
1,131355.8486
1,708548.8957
1,5136.6728
1,4796.6728
1,0
1,0
1,7906.6728
1,0
1,104937.7919
1,173666.6728
1,0
1,9276.4131
1,0
1,0
1,0
1,0
1,0
1,0
1,0
1,0
1,0
1,0
1,0
1,0
1,0
1,11926.6728
1,24966.6728
1,0
1,5125.7705
1,12886.6728
1,0
1,0
1,0
1,56029.0094
1,0
1,0
1,0
1,0
1,0
1,0
1,0
1,0
1,16266.6728
1,8846.6728
1,6086.6728
1,5076.6728
1,47207.4722
1,9776.6728
1,11803.4901
1,0
1,0
1,9079.6489
1,48266.6728
1,5096.6728
1,0
1,4112563.514
1,8716.6728
1,0
1,12346.6728
1,5926.6728
1,18666.6728
1,0
1,8416.6728
1,33526.7005
1,17366.6728
1,5556.6728
1,0
1,1097624.249
1,4736.6728
1,0
1,815508.2202
1,14646.6728
1,5521.4689
1,0
1,111666.6728
1,38266.6728
1,28866.6728
1,22466.6728
1,57666.6728
1,0
1,0
1,0
1,0
1,0
1,0
1,0
1,0
1,0
1,0
1,0
1,0
1,0
1,0
1,0
1,20788.7194
1,0
1,0
1,0
1,0
1,0
1,0
1,0
1,27866.6728
1,14404528.57
1,4825.9714
1,0
1,0
1,0
1,0
1,0
1,0
1,7050.099
1,0
1,5156.6728
1,15066.6728
1,27766.6728
1,13546.6728
1,9346.6728
1,0
1,0
1,0
1,0
1,14966.6728
1,0
1,8777.4068
1,0
1,0
1,0
1,0
1,0
1,0
1,0
1,0
1,0
1,0
1,0
1,0
1,0
1,5616.7949
1,0
1,0
1,0
1,0
1,0
1,0
1,0
1,0
1,0
1,0
1,0
1,0
1,0
1,0
1,0
1,0
1,0
1,0
1,0
1,0
1,0
1,0
1,0
1,0
1,0
1,0
1,0
1,0
1,0
1,0
1,0
1,0
1,0
1,0
1,0
1,0
1,0
1,0
1,0
1,0
1,0
1,0
1,0
1,0
1,0
1,0
1,0
1,70166.6728
1,13806.6728
1,0
1,0
1,0
1,0
1,0
1,0
1,0
1,0
1,0
1,0
1,0
1,0
1,0
1,0
1,0
1,0
1,0
1,0
1,0
1,0
1,0
1,0
1,0
1,0
1,0
1,0
1,0
1,0
1,0
1,0
1,5286.6728
1,0
1,19566.6728
1,14766.6728
1,14088.4845
1,466025.8314
1,377669.3871
1,27066.6728
1,0
1,0
1,0
1,0
1,0
1,0
1,0
1,0
1,0
1,0
1,0
1,0
1,0
1,0
1,0
1,0
1,0
1,0
1,0
1,0
1,0
1,0
1,0
1,0
1,0
1,0
1,0
1,0
1,0
1,0
1,0
1,0
1,0
1,0
1,0
1,0
1,0
1,0
1,0
1,0
1,0
1,0
1,0
1,0
1,0
1,0
1,0
1,0
1,0
1,0
1,0
1,0
1,0
1,0
1,0
1,0
1,0
1,0
1,0
1,0
1,0
1,0
1,0
1,0
1,0
1,0
1,0
1,0
1,0
1,0
1,0
1,0
1,0
1,0
1,0
1,0
1,0
1,0
1,0
1,0
1,0
1,0
1,0
1,0
1,0
1,0
1,0
1,0
1,0
1,0
1,0
1,0
1,0
1,0
1,0
1,0
1,0
1,37198.6155
1,0
1,0
1,0
1,0
1,0
1,0
1,0
1,0
1,0
1,0
1,0
1,0
1,0
1,0
1,0
1,0
1,0
1,0
1,0
1,0
1,0
1,0
1,0
1,0
1,0
1,0
1,0
1,0
1,0
1,0
1,0
1,0
1,0
1,0
1,0
1,0
1,0
1,0
1,0
1,0
1,0
1,0
1,0
1,0
1,0
1,0
1,0
1,0
1,0
1,0
1,0
1,0
1,0
1,0
1,0
1,0
1,0
1,0
1,0
1,0
1,0
1,0
1,0
1,0
1,0
1,0
1,0
1,0
1,0
1,0
1,0
1,0
1,0
1,0
1,0
1,0
1,0
1,0
1,0
1,0
1,0
1,0
1,0
1,0
1,0
1,0
1,27366.6728
1,0
1,0
1,23744.7922
1,0
1,0
1,4746.6728
1,161386.5903
1,8636.6728
1,11516.6728
1,0
1,0
1,0
1,0
1,0
1,0
1,0
1,0
1,0
1,0
1,0
1,0
1,0
1,0
1,0
1,0
1,0
1,0
1,0
1,0
1,0
1,0
1,0
1,0
1,0
1,0
1,0
1,0
1,0
1,0
1,0
1,0
1,0
1,0
1,0
1,0
1,0
1,0
1,0
1,0
1,0
1,0
1,0
1,0
1,0
1,0
1,0
1,0
1,0
1,5350.3328
1,0
1,0
1,0
1,0
1,0
1,0
1,0
1,0
1,0
1,0
1,0
1,0
1,0
1,0
1,0
1,0
1,0
1,0
1,0
1,0
1,0
1,0
1,0
1,0
1,0
1,0
1,0
1,0
1,0
1,0
1,0
1,0
1,0
1,0
1,0
1,0
1,0
1,0
1,0
1,0
1,0
1,0
1,0
1,0
1,0
1,0
1,0
1,0
1,0
1,0
1,0
1,0
1,0
1,0
1,0
1,0
1,0
1,0
1,0
1,0
1,0
1,79017.3497
1,733689.7779
1,12847.9828
1,25066.6728
1,32166.6728
1,6463.3126
1,8995.677
1,5436.6728
1,0
1,10942.7612
1,0
1,0
1,5646.6728
1,8216.6728
1,11986.6728
1,35166.6728
1,38429.3899
1,0
1,14396.6728
1,0
1,0
1,0
1,11726.6728
1,4996.6728
1,14966.6728
1,0
1,0
1,0
1,440666.6728
1,23866.6728
1,0
1,5796.6728
1,38666.6728
1,0
1,4796.6728
1,115666.6728
1,4996.6728
1,4796.6728
1,0
1,204666.6728
1,4796.6728
1,9036.8364
1,0
1,14356.6728
1,40166.6728
1,0
1,20766.6728
1,5136.6728
1,63467.4268
1,68966.6728
1,356666.6728
1,9596.6728
1,11566.6728
1,3206034.969
1,0
1,10036.6728
1,9956.6728
1,37866.6728
1,126666.6728
1,1326666.673
1,33795.2058
1,90966.6728
1,15466.6728
1,0
1,0
1,1751317.095
1,0
1,0
1,13406.6728
1,0
1,20866.6728
1,0
1,0
1,0
1,0
1,0
1,0
1,0
1,0
1,0
1,0
1,0
1,0
1,0
1,0
1,5088.8634
1,0
1,0
1,0
1,0
1,0
1,0
1,14656.6728
1,16666.6728
1,81325.1737
1,51242.7473
1,10926.6728
1,15866.6728
1,4767.516
1,0
1,0
1,18266.6728
1,918302.3434
1,0
1,0
1,81066.6728
1,23366.6728
1,24380.2883
1,0
1,0
1,0
1,0
1,0
1,0
1,0
1,0
1,0
1,0
1,0
1,0
1,0
1,0
1,12766.6728
1,0
1,0
1,0
1,0
1,0
1,0
1,0
1,0
1,0
1,0
1,0
1,0
1,0
1,0
1,0
1,0
1,0
1,0
1,0
1,0
1,0
1,0
1,11327.4404
1,11105.0055
1,48248.8388
1,0
1,0
1,0
1,5081.9959
1,0
1,4736.6728
1,0
1,0
1,0
1,0
1,0
1,0
1,0
1,0
1,0
1,0
1,0
1,0
1,0
1,0
1,0
1,0
1,0
1,0
1,0
1,0
1,0
1,0
1,0
1,0
1,0
1,0
1,0
1,0
1,0
1,0
1,0
1,0
1,0
1,0
1,0
1,0
1,0
1,0
1,0
1,0
1,0
1,0
1,0
1,0
1,0
1,0
1,0
1,7036.2025
1,0
1,5736.6728
1,29266.6728
1,0
1,5486.6728
1,37894.9688
1,0
1,42454.8522
1,4662526.403
1,87366.6728
1,0
1,0
1,5166.6728
1,0
1,0
1,0
1,0
1,0
1,0
1,0
1,20066.6728
1,0
1,0
1,0
1,0
1,0
1,0
1,0
1,0
1,0
1,0
1,0
1,0
1,0
1,0
1,0
1,0
1,0
1,0
1,0
1,0
1,0
1,0
1,0
1,0
1,0
1,0
1,0
1,0
1,0
1,0
1,0
1,0
1,0
1,0
1,0
1,0
1,0
1,0
1,0
1,0
1,0
1,0
1,0
1,0
1,0
1,0
1,0
1,0
1,0
1,0
1,0
1,0
1,0
1,0
1,0
1,0
1,0
1,0
1,0
1,0
1,0
1,0
1,0
1,0
1,0
1,9747.6918
1,14743.8478
1,24566.6728
1,0
1,0
1,0
1,0
1,0
1,0
1,0
1,0
1,0
1,0
1,0
1,0
1,0
1,0
1,0
1,0
1,0
1,5536.1847
1,50666.6728
1,16266.6728
1,0
1,0
1,18866.6728
1,15466.6728
1,44766.6728
1,0
1,0
1,0
1,0
1,0
1,0
1,0
1,0
1,0
1,0
1,0
1,0
1,0
1,0
1,0
1,0
1,0
1,0
1,0
1,0
1,0
1,0
1,0
1,0
1,0
1,0
1,0
1,0
1,0
1,0
1,0
1,0
1,0
1,0
1,0
1,0
1,0
1,0
1,0
1,0
1,0
1,0
1,0
1,0
1,0
1,0
1,0
1,0
1,0
1,0
1,0
1,0
1,0
1,0
1,0
1,0
1,0
1,0
1,0
1,0
1,0
1,0
1,0
1,0
1,0
1,0
1,0
1,0
1,0
1,0
1,0
1,0
1,0
1,0
1,0
1,0
1,0
1,0
1,0
1,0
1,0
1,0
1,0
1,0
1,0
1,0
1,0
1,0
1,0
1,0
1,0
1,0
1,0
1,0
1,0
1,0
1,0
1,0
1,0
1,0
1,0
1,0
1,0
1,0
1,0
1,0
1,0
1,0
1,0
1,0
1,0
1,0
1,0
1,0
1,0
1,0
1,0
1,0
1,0
1,6583.6404
1,0
1,56693.2086
1,72366.6728
1,15566.6728
1,5636.6728
1,0
1,0
1,0
1,0
1,0
1,0
1,0
1,0
1,0
1,0
1,0
1,0
1,0
1,0
1,0
1,0
1,0
1,0
1,0
1,0
1,0
1,0
1,0
1,0
1,0
1,0
1,0
1,0
1,5869.1232
1,4905.7362
1,0
1,0
1,0
1,0
1,0
1,0
1,0
1,0
1,0
1,0
1,0
1,0
1,0
1,0
1,0
1,0
1,0
1,0
1,0
1,0
1,0
1,0
1,0
1,0
1,0
1,0
1,0
1,0
1,0
1,0
1,0
1,0
1,0
1,0
1,0
1,0
1,254666.6728
1,0
1,0
1,0
1,0
1,0
1,0
1,0
1,0
1,0
1,0
1,0
1,0
1,0
1,0
1,0
1,0
1,0
1,0
1,0
1,0
1,0
1,0
1,0
1,0
1,0
1,0
1,0
1,0
1,0
1,0
1,0
1,0
1,0
1,0
1,0
1,0
1,0
1,0
1,0
1,0
1,0
1,0
1,0
1,0
1,0
1,0
1,0
1,0
1,0
1,0
1,0
1,0
1,0
1,0
1,0
1,0
1,0
1,0
1,0
1,0
1,0
1,0
1,0
1,0
1,0
1,0
1,0
1,0
1,0
1,0
1,0
1,0
1,0
1,0
1,0
1,0
1,0
1,0
1,0
1,0
1,0
1,0
1,0
1,0
1,0
1,0
1,0
1,0
1,0
1,0
1,0
1,0
1,0
1,0
1,0
1,0
1,0
1,0
1,0
1,0
1,0
1,0
1,0
1,0
1,0
1,0
1,0
1,0
1,0
1,0
1,0
1,0
1,0
1,0
1,0
1,0
1,0
1,0
1,0
1,0
1,0
1,0
1,0
1,0
1,0
1,0
1,0
1,0
1,0
1,0
1,0
1,0
1,0
1,0
1,0
1,0
1,0
1,0
1,0
1,0
1,0
1,0
1,0
1,0
1,0
1,0
1,0
1,0
1,0
1,0
1,0
1,0
1,0
1,0
1,0
1,0
1,0
1,0
1,0
1,0
1,0
1,0
1,0
1,0
1,0
1,0
1,0
1,0
1,0
1,0
1,0
1,0
1,0
1,0
1,0
1,0
1,0
1,0
1,0
1,0
1,0
1,0
1,0
1,0
1,0
1,0
1,0
1,0
1,0
1,0
1,0
1,0
1,0
1,0
1,0
1,0
1,0
1,0
1,0
1,0
1,0
1,0
1,0
1,0
1,0
1,0
1,0
1,0
1,0
1,0
1,0
1,0
1,0
1,0
1,0
1,0
1,0
1,0
1,0
1,0
1,0
1,0
1,0
1,0
1,0
1,0
1,0
1,0
1,45566.6728
1,6516.6728
1,83521.0309
1,4725.6796
1,13476.6728
1,0
1,0
1,0
1,0
1,0
1,0
1,0
1,0
1,0
1,0
1,0
1,0
1,0
1,0
1,0
1,0
1,0
1,0
1,0
1,0
1,0
1,0
1,0
1,0
1,0
1,0
1,0
1,0
1,0
1,0
1,0
1,0
1,0
1,0
1,0
1,0
1,54666.6728
1,1274666.673
1,10556.6728
1,19666.6728
1,0
1,0
1,0
1,0
1,0
1,0
1,0
1,0
1,0
1,0
1,0
1,13092.4606
1,5166.6738
1,0
1,5496.6728
1,10435.6728
1,0
1,0
1,14666.6728
1,5366.6728
1,22066.6728
1,8166.6728
1,50966.6728
1,21966.6728
1,10982.148
1,0
1,0
1,0
1,0
1,0
1,0
1,0
1,0
1,0
1,0
1,0
1,0
1,0
1,0
1,0
1,0
1,0
1,0
1,0
1,16666.6728
1,0
1,0
1,0
1,45066.6728
1,0
1,106666.6728
1,0
1,80866.6728
1,34866.6728
1,4735.0201
1,18266.6728
1,0
1,0
1,5166.6738
1,15994.9175
1,13516.6728
1,0
1,4836.6728
1,0
1,10956.6728
1,5636.6728
1,4786.6728
1,8276.6728
1,0
1,11716.6728
1,21866.6728
1,0
1,16207.1681
1,5163.6232
1,6637.2563
1,678551.1539
1,509951.7162
1,0
1,0
1,0
1,0
1,0
1,0
1,0
1,0
1,0
1,0
1,0
1,0
1,0
1,0
1,0
1,0
1,0
1,0
1,0
1,0
1,0
1,0
1,0
1,0
1,0
1,0
1,0
1,0
1,0
1,0
1,0
1,0
1,0
1,0
1,0
1,0
1,0
1,0
1,0
1,0
1,8015.4916
1,0
1,0
1,0
1,0
1,0
1,0
1,0
1,0
1,0
1,0
1,0
1,0
1,0
1,0
1,0
1,0
1,0
1,0
1,0
1,0
1,0
1,0
1,4674.9314
1,0
1,0
1,0
1,0
1,0
1,0
1,0
1,0
1,0
1,0
1,0
1,0
1,0
1,0
1,0
1,0
1,0
1,0
1,0
1,0
1,0
1,0
1,0
1,0
1,49866.6728
1,8396.6728
1,0
1,0
1,0
1,0
1,0
1,0
1,0
1,159778.1347
1,0
1,0
1,0
1,0
1,0
1,0
1,0
1,0
1,0
1,0
1,0
1,0
1,0
1,0
1,0
1,0
1,0
1,0
1,0
1,0
1,0
1,0
1,0
1,0
1,0
1,0
1,0
1,0
1,0
1,0
1,0
1,0
1,0
1,0
1,0
1,0
1,0
1,0
1,0
1,0
1,0
1,0
1,0
1,0
1,0
1,0
1,0
1,0
1,0
1,0
1,0
1,0
1,0
1,0
1,0
1,0
1,0
1,0
1,0
1,0
1,0
1,0
1,8286.6728
1,0
1,11479.9155
1,7046.6728
1,0
1,0
1,0
1,0
1,0
1,0
1,0
1,0
1,0
1,0
1,33526.7005
1,110387.5924
1,17766.6728
1,14256.6728
1,9906.6728
1,0
1,64666.6728
1,9996.6728
1,21066.6728
1,20766.6728
1,0
1,5126.6728
1,10246.6728
1,0
1,0
1,14426.6728
1,27539.8958
1,24666.6728
1,6606.6728
1,23166.6728
1,18166.6728
1,0
1,7326.6728
1,0
1,450666.6728
1,30766.6728
1,20666.6728
1,18667.7428
1,0
1,0
1,22366.6728
1,0
1,88328.4563
1,4796.7485
1,0
1,0
1,0
1,0
1,325574.2864
1,0
1,15866.6728
1,12057.3713
1,88366.6728
1,0
1,4946.6728
1,0
1,12396.6728
1,0
1,515254.0628
1,0
1,46866.6728
1,8466.6728
1,152666.6728
1,0
1,0
1,7021.2687
1,0
1,0
1,39391.0134
1,11326.6728
1,0
1,0
1,27562.5846
1,138594.8337
1,26166.6728
1,0
1,0
1,6266.6728
1,7342.9687
1,0
1,14866.6728
1,647423.2319
1,119716.2327
1,40596.9117
1,19066.6728
1,26231.504
1,15445.2289
1,4746.6728
1,0
1,0
1,0
1,0
1,0
1,0
1,0
1,0
1,304666.6728
1,0
1,5636.6728
1,0
1,8934.3738
1,63793.9086
1,16848.3454
1,69335.7473
1,6982.2399
1,0
1,5179062.379
1,0
1,12438.8361
1,326022.8994
1,26666.6728
1,4746.6728
1,0
1,0
1,0
1,0
1,0
1,0
1,79781.7798
1,0
1,0
1,0
1,0
1,0
1,0
1,0
1,0
1,0
1,0
1,0
1,0
1,0
1,0
1,0
1,182912.9511
1,13136.6728
1,0
1,0
1,0
1,0
1,0
1,0
1,0
1,0
1,0
1,0
1,0
1,0
1,0
1,0
1,0
1,0
1,0
1,0
1,0
1,0
1,0
1,0
1,0
1,0
1,0
1,0
1,0
1,0
1,0
1,0
1,0
1,0
1,0
1,0
1,0
1,0
1,0
1,0
1,0
1,0
1,0
1,11192.9042
1,5156.6728
1,121666.6728
1,0
1,0
1,0
1,0
1,0
1,47751.0105
1,0
1,0
1,0
1,0
1,0
1,0
1,0
1,5636.6728
1,33566.6728
1,5293.4057
1,9296.6728
1,40066.6728
1,5182.9169
1,11541.1805
1,0
1,18066.6728
1,11966.6728
1,5070.3545
1,0
1,11699.68
1,0
1,0
1,0
1,0
1,0
1,0
1,0
1,0
1,0
1,0
1,19989.3234
1,0
1,18766.6728
1,5286.6728
1,286666.6728
1,0
1,0
1,0
1,0
1,0
1,0
1,0
1,0
1,0
1,0
1,0
1,0
1,0
1,0
1,0
1,0
1,0
1,0
1,0
1,0
1,0
1,0
1,0
1,0
1,0
1,0
1,0
1,0
1,0
1,0
1,0
1,0
1,0
1,0
1,0
1,0
1,0
1,0
1,0
1,0
1,0
1,0
1,0
1,0
1,0
1,0
1,0
1,0
1,0
1,0
1,0
1,0
1,0
1,0
1,0
1,0
1,0
1,0
1,4746.6728
1,0
1,0
1,0
1,0
1,0
1,0
1,0
1,0
1,0
1,0
1,0
1,0
1,0
1,0
1,0
1,0
1,0
1,0
1,0
1,0
1,0
1,0
1,0
1,0
1,0
1,0
1,0
1,0
1,0
1,0
1,0
1,0
1,0
1,0
1,0
1,0
1,0
1,0
1,0
1,0
1,0
1,0
1,0
1,0
1,0
1,0
1,0
1,0
1,0
1,0
1,0
1,0
1,0
1,0
1,0
1,0
1,0
1,0
1,0
1,0
1,0
1,0
1,0
1,0
1,0
1,0
1,0
1,0
1,0
1,0
1,0
1,0
1,0
1,0
1,0
1,0
1,0
1,0
1,0
1,0
1,0
1,0
1,0
1,0
1,0
1,0
1,0
1,0
1,0
1,0
1,0
1,0
1,0
1,0
1,11078.5732
1,0
1,0
1,0
1,0
1,0
1,0
1,0
1,0
1,0
1,0
1,0
1,0
1,0
1,0
1,0
1,0
1,0
1,0
1,0
1,0
1,0
1,0
1,0
1,0
1,0
1,0
1,0
1,0
1,0
1,0
1,0
1,0
1,0
1,0
1,0
1,0
1,0
1,31666.6728
1,0
1,0
1,0
1,0
1,0
1,0
1,0
1,0
1,0
1,0
1,0
1,0
1,0
1,0
1,0
1,0
1,0
1,0
1,0
1,0
1,0
1,0
1,0
1,0
1,0
1,0
1,0
1,0
1,0
1,0
1,0
1,0
1,0
1,0
1,0
1,0
1,0
1,0
1,0
1,0
1,0
1,0
1,0
1,0
1,0
1,0
1,0
1,0
1,0
1,0
1,0
1,0
1,0
1,0
1,0
1,0
1,0
1,0
1,0
1,0
1,0
1,0
1,20637.4201
1,7916.6728
1,0
1,27684153.47
1,21666.6728
1,5156.6728
1,66438.8356
1,19066.6728
1,0
1,15066.6728
1,0
1,19281.8018
1,0
1,0
1,140760.0864
1,22366.6728
1,16966.6728
1,21642.8815
1,0
1,0
1,0
1,0
1,0
1,0
1,0
1,0
1,0
1,0
1,0
1,0
1,6826.6728
1,24966.6728
1,0
1,54636.0844
1,0
1,0
1,0
1,0
1,0
1,0
1,0
1,0
1,0
1,0
1,0
1,0
1,0
1,0
1,0
1,0
1,189436.0277
1,0
1,0
1,0
1,0
1,0
1,0
1,0
1,0
1,0
1,0
1,0
1,0
1,0
1,0
1,0
1,0
1,0
1,0
1,0
1,0
1,0
1,0
1,0
1,0
1,0
1,0
1,0
1,0
1,0
1,0
1,0
1,0
1,0
1,0
1,0
1,0
1,0
1,0
1,0
1,0
1,0
1,0
1,0
1,0
1,0
1,0
1,0
1,0
1,98841.8544
1,22666.6728
1,0
1,0
1,0
1,0
1,0
1,0
1,0
1,0
1,0
1,0
1,0
1,0
1,0
1,0
1,0
1,0
1,0
1,0
1,0
1,0
1,0
1,0
1,0
1,0
1,0
1,91442.5285
1,4666.6728
1,0
1,11076.6728
1,0
1,14231.0587
1,10137.5473
1,0
1,0
1,0
1,0
1,0
1,0
1,0
1,0
1,0
1,0
1,0
1,0
1,0
1,0
1,0
1,0
1,0
1,0
1,0
1,0
1,0
1,0
1,0
1,0
1,0
1,0
1,0
1,0
1,0
1,0
1,0
1,0
1,0
1,0
1,0
1,0
1,0
1,0
1,0
1,0
1,0
1,0
1,0
1,0
1,0
1,0
1,0
1,0
1,0
1,0
1,0
1,0
1,0
1,0
1,0
1,0
1,0
1,0
1,0
1,0
1,0
1,0
1,0
1,0
1,0
1,0
1,424548.2171
1,5196.6728
1,0
1,12266.6728
1,13516.6728
1,84666.6728
1,38499.0852
1,0
1,5916.6728
1,16279.1176
1,20466.6728
1,4746.6728
1,87639.2427
1,0
1,0
1,0
1,0
1,25766.6728
1,0
1,35796.6728
1,5026.6728
1,1804200.585
1,0
1,0
1,0
1,0
1,0
1,0
1,0
1,0
1,0
1,0
1,0
1,0
1,0
1,0
1,0
1,0
1,15366.3172
1,16210.6839
1,92813.0578
1,0
1,6288.4485
1,970398.0432
1,12496.6728
1,0
1,11123.7646
1,12496.6728
1,177666.6728
1,23066.6728
1,5196.6728
1,12286.6728
1,28766.6728
1,620417.1407
1,0
1,7969.4568
1,0
1,111582.1536
1,5216.6728
1,14339.7834
1,4667.897
1,130666.6728
1,0
1,0
1,0
1,0
1,0
1,0
1,0
1,0
1,0
1,0
1,0
1,0
1,0
1,0
1,0
1,0
1,0
1,0
1,0
1,0
1,0
1,0
1,0
1,0
1,0
1,0
1,0
1,0
1,0
1,0
1,0
1,0
1,0
1,0
1,0
1,0
1,0
1,0
1,0
1,0
1,0
1,0
1,0
1,0
1,0
1,0
1,0
1,0
1,0
1,0
1,0
1,0
1,7867.1245
1,0
1,0
1,0
1,0
1,0
1,0
1,11866.6728
1,50575.5604
1,12206.6728
1,15766.6728
1,8724.5255
1,110666.6728
1,0
1,0
1,82466.6728
1,167666.6728
1,0
1,0
1,0
1,34566.6728
1,0
1,5326.6728
1,4936.6728
1,90266.6728
1,0
1,0
1,0
1,29566.6728
1,0
1,283666.8187
1,10666.5383
1,610675.8728
1,0
1,0
1,6666.6728
1,5096.6728
1,11586.6728
1,60766.6728
1,0
1,0
1,0
1,0
1,0
1,0
1,0
1,0
1,0
1,0
1,0
1,0
1,0
1,0
1,0
1,0
1,0
1,0
1,0
1,0
1,0
1,0
1,0
1,0
1,0
1,0
1,0
1,0
1,0
1,0
1,0
1,0
1,0
1,0
1,0
1,0
1,0
1,0
1,0
1,0
1,0
1,0
1,0
1,0
1,0
1,0
1,0
1,0
1,0
1,0
1,0
1,0
1,0
1,0
1,0
1,0
1,0
1,0
1,0
1,0
1,0
1,0
1,0
1,0
1,0
1,0
1,0
1,0
1,0
1,0
1,0
1,0
1,0
1,0
1,0
1,0
1,0
1,0
1,19666.6728
1,84766.6728
1,0
1,5106.6728
1,11506.6728
1,22266.6728
1,685354.299
1,35775.539
1,0
1,0
1,0
1,0
1,0
1,0
1,0
1,0
1,0
1,0
1,0
1,0
1,0
1,0
1,0
1,0
1,0
1,0
1,0
1,0
1,0
1,0
1,0
1,0
1,0
1,0
1,0
1,0
1,0
1,0
1,0
1,0
1,0
1,0
1,0
1,0
1,0
1,0
1,0
1,0
1,0
1,0
1,0
1,0
1,0
1,0
1,0
1,39456.1819
1,11336.6728
1,12836.6728
1,0
1,0
1,0
1,0
1,0
1,0
1,0
1,0
1,0
1,13726.6728
1,0
1,12416.6728
1,5196.6728
1,5536.6728
1,11886.6728
1,25221.8353
1,41990.8502
1,142666.6728
1,30666.6728
1,0
1,0
1,0
1,0
1,0
1,0
1,0
1,0
1,0
1,0
1,0
1,0
1,0
1,0
1,0
1,0
1,0
1,0
1,14766.6728
1,23666.6728
1,7651.3287
1,66266.6728
1,5112.3563
1,112666.6728
1,0
1,18688.6565
1,4786.6728
1,41128.4747
1,26172.4352
1,7666.6728
1,4736.6728
1,14966.6728
1,6511.0919
1,36117.9012
1,0
1,0
1,0
1,264331.7196
1,5576.6728
1,0
1,0
1,0
1,0
1,0
1,0
1,0
1,0
1,0
1,0
1,0
1,0
1,0
1,0
1,0
1,0
1,0
1,0
1,0
1,0
1,0
1,0
1,0
1,0
1,0
1,0
1,0
1,0
1,0
1,0
1,0
1,0
1,0
1,0
1,0
1,0
1,0
1,0
1,0
1,0
1,27348.1574
1,540656.4302
1,0
1,0
1,29756.7289
1,0
1,0
1,47299.4708
1,99837.5914
1,290223.4105
1,0
1,0
1,8156.6728
1,0
1,0
1,0
1,0
1,0
1,0
1,0
1,0
1,0
1,0
1,0
1,0
1,0
1,0
1,0
1,0
1,0
1,0
1,0
1,0
1,0
1,0
1,0
1,0
1,0
1,0
1,0
1,0
1,0
1,0
1,0
1,0
1,0
1,0
1,0
1,0
1,0
1,0
1,0
1,0
1,0
1,0
1,0
1,0
1,0
1,0
1,0
1,0
1,0
1,0
1,0
1,0
1,0
1,0
1,0
1,0
1,0
1,0
1,0
1,0
1,0
1,0
1,0
1,0
1,0
1,0
1,0
1,0
1,0
1,0
1,0
1,0
1,0
1,0
1,0
1,0
1,0
1,0
1,0
1,0
1,0
1,0
1,0
1,0
1,0
1,0
1,0
1,0
1,0
1,0
1,3048431.181
1,0
1,0
1,8014805.997
1,5168.8373
1,19466.6728
1,89866.6728
1,0
1,0
1,0
1,0
1,0
1,19003.8477
1,0
1,522666.6728
1,4819.1699
1,8967.8253
1,4996.6728
1,0
1,5196.6728
1,0
1,0
1,0
1,0
1,0
1,0
1,0
1,0
1,0
1,0
1,0
1,0
1,0
1,0
1,0
1,28966.6728
1,0
1,0
1,85866.6728
1,96666.6728
1,42065.2498
1,0
1,10406.6728
1,0
1,171656.632
1,16966.6728
1,0
1,0
1,0
1,0
1,0
1,0
1,0
1,0
1,0
1,0
1,0
1,0
1,0
1,0
1,0
1,0
1,0
1,0
1,0
1,0
1,0
1,0
1,0
1,0
1,0
1,0
1,0
1,0
1,0
1,0
1,0
1,0
1,0
1,0
1,0
1,0
1,0
1,0
1,0
1,0
1,0
1,0
1,0
1,0
1,0
1,0
1,0
1,0
1,0
1,0
1,0
1,0
1,0
1,0
1,0
1,0
1,0
1,0
1,0
1,0
1,0
1,0
1,0
1,0
1,0
1,0
1,0
1,0
1,0
1,0
1,0
1,0
1,0
1,0
1,0
1,0
1,0
1,0
1,0
1,0
1,0
1,0
1,0
1,0
1,0
1,0
1,0
1,0
1,0
1,0
1,0
1,0
1,0
1,0
1,0
1,0
1,0
1,0
1,0
1,0
1,0
1,0
1,0
1,0
1,0
1,0
1,0
1,0
1,0
1,0
1,0
1,0
1,0
1,0
1,0
1,0
1,0
1,0
1,0
1,0
1,0
1,0
1,0
1,0
1,0
1,0
1,0
1,0
1,0
1,0
1,0
1,0
1,0
1,0
1,0
1,0
1,0
1,0
1,0
1,0
1,0
1,0
1,0
1,0
1,0
1,0
1,0
1,0
1,0
1,0
1,0
1,0
1,0
1,0
1,0
1,0
1,7046.6728
1,0
1,5536.6728
1,0
1,0
1,22966.6728
1,4886.6728
1,0
1,0
1,0
1,0
1,0
1,0
1,0
1,0
1,0
1,0
1,0
1,0
1,0
1,0
1,0
1,0
1,0
1,0
1,0
1,0
1,0
1,0
1,0
1,0
1,0
1,0
1,0
1,0
1,0
1,0
1,0
1,0
1,0
1,0
1,0
1,0
1,0
1,0
1,5996.6728
1,0
1,12026.6728
1,5096.6728
1,5646.6728
1,55766.6728
1,0
1,432989.4821
1,14866.6728
1,6166.6728
1,0
1,0
1,40366.6728
1,68599.554
1,28566.6728
1,11606.6728
1,0
1,0
1,0
1,0
1,0
1,0
1,0
1,0
1,0
1,0
1,0
1,0
1,0
1,0
1,0
1,0
1,0
1,0
1,0
1,0
1,0
1,0
1,0
1,0
1,0
1,0
1,0
1,0
1,0
1,0
1,0
1,0
1,0
1,0
1,0
1,0
1,0
1,0
1,0
1,0
1,0
1,0
1,0
1,0
1,0
1,0
1,0
1,0
1,0
1,0
1,0
1,0
1,0
1,0
1,0
1,0
1,0
1,0
1,0
1,0
1,0
1,11206.6728
1,24566.6728
1,0
1,0
1,27466.6728
1,266666.6728
1,0
1,0
1,22014.7145
1,0
1,29466.6728
1,0
1,0
1,0
1,0
1,0
1,0
1,0
1,0
1,0
1,0
1,0
1,19666.6728
1,5496.6728
1,0
1,0
1,0
1,0
1,0
1,0
1,0
1,0
1,0
1,0
1,0
1,0
1,0
1,0
1,0
1,0
1,0
1,0
1,0
1,0
1,0
1,0
1,0
1,0
1,0
1,0
1,0
1,0
1,0
1,0
1,0
1,0
1,0
1,0
1,0
1,0
1,0
1,0
1,0
1,0
1,0
1,0
1,0
1,0
1,0
1,0
1,0
1,0
1,0
1,0
1,0
1,0
1,0
1,0
1,0
1,0
1,0
1,0
1,0
1,0
1,0
1,0
1,0
1,0
1,0
1,0
1,0
1,0
1,0
1,0
1,0
1,0
1,0
1,0
1,0
1,0
1,0
1,0
1,0
1,0
1,0
1,0
1,0
1,0
1,0
1,0
1,0
1,0
1,0
1,0
1,0
1,0
1,0
1,0
1,0
1,0
1,0
1,0
1,0
1,0
1,0
1,0
1,0
1,0
1,0
1,0
1,0
1,0
1,0
1,0
1,0
1,0
1,0
1,0
1,0
1,0
1,0
1,0
1,0
1,0
1,0
1,0
1,0
1,0
1,0
1,0
1,0
1,0
1,0
1,0
1,0
1,0
1,0
1,0
1,0
1,0
1,0
1,0
1,0
1,0
1,0
1,0
1,0
1,0
1,0
1,0
1,0
1,0
1,0
1,0
1,0
1,0
1,0
1,0
1,0
1,0
1,0
1,0
1,0
1,0
1,0
1,0
1,0
1,0
1,0
1,0
1,0
1,0
1,8066.6728
1,0
1,0
1,0
1,0
1,0
1,0
1,0
1,0
1,0
1,0
1,0
1,0
1,0
1,0
1,0
1,0
1,0
1,0
1,0
1,0
1,0
1,0
1,0
1,0
1,0
1,0
1,0
1,0
1,0
1,0
1,0
1,0
1,0
1,0
1,0
1,0
1,0
1,0
1,0
1,0
1,0
1,0
1,0
1,0
1,0
1,0
1,0
1,0
1,0
1,0
1,0
1,0
1,0
1,0
1,0
1,0
1,0
1,0
1,0
1,0
1,0
1,0
1,0
1,0
1,0
1,0
1,0
1,0
1,0
1,0
1,0
1,0
1,0
1,0
1,0
1,0
1,0
1,0
1,0
1,0
1,0
1,0
1,0
1,0
1,0
1,0
1,0
1,0
1,0
1,0
1,0
1,0
1,0
1,0
1,0
1,0
1,0
1,0
1,0
1,0
1,0
1,0
1,0
1,0
1,0
1,0
1,0
1,0
1,0
1,0
1,0
1,0
1,0
1,0
1,0
1,0
1,0
1,0
1,0
1,0
1,0
1,0
1,0
1,0
1,0
1,0
1,0
1,0
1,0
1,0
1,0
1,0
1,0
1,0
1,0
1,0
1,0
1,0
1,0
1,0
1,0
1,0
1,0
1,0
1,0
1,0
1,0
1,0
1,0
1,0
1,0
1,0
1,110047.7046
1,209666.6728
1,0
1,18955.1991
1,19066.6728
1,0
1,22066.6728
1,15351.4572
1,18366.6728
1,4752.5196
1,0
1,0
1,0
1,0
1,0
1,0
1,0
1,0
1,0
1,0
1,0
1,0
1,0
1,0
1,0
1,46974.8933
1,19216.5026
1,0
1,0
1,0
1,0
1,0
1,0
1,0
1,0
1,0
1,0
1,0
1,0
1,0
1,0
1,0
1,0
1,0
1,0
1,0
1,0
1,0
1,0
1,0
1,0
1,0
1,0
1,0
1,0
1,0
1,0
1,0
1,0
1,0
1,0
1,0
1,22656.5303
1,34066.6728
1,5406.6728
1,300382.3106
1,0
1,24966.6728
1,108588.6815
1,44866.6728
1,11356.6728
1,28834.4127
1,5116.6728
1,0
1,0
1,12286.6728
1,20866.6728
1,0
1,0
1,10626.6728
1,0
1,0
1,0
1,0
1,0
1,21666.6728
1,5376.6728
1,23366.6728
1,162662.4498
1,29098.2623
1,50666.6728
1,7035.5724
1,5397.2728
1,5356.6728
1,0
1,9484.8372
1,0
1,0
1,0
1,160371.2531
1,0
1,0
1,0
1,0
1,37366.6728
1,31565.8655
1,15466.6728
1,13195.1886
1,5096.6728
1,0
1,0
1,0
1,0
1,0
1,0
1,0
1,14966.6728
1,0
1,5326.6728
1,0
1,0
2,18529.114
2,0
2,0
2,0
2,5372.4219
2,0
2,0
2,0
2,0
2,17566.6728
2,11277.1793
2,54603.9287
2,0
2,221337.9812
2,10254.1095
2,0
2,0
2,0
2,0
2,0
2,0
2,0
2,0
2,0
2,0
2,0
2,0
2,9476.6728
2,112195.4845
2,0
2,0
2,0
2,25757.5877
2,12046.6728
2,14626.6728
2,0
2,7439.4772
2,52110.3245
2,0
2,19085.9088
2,0
2,4715.7744
2,0
2,12901.9031
2,0
2,6077.654
2,0
2,0
2,0
2,0
2,9866.6728
2,72757.4505
2,0
2,6718.5042
2,6243.8581
2,57937.2395
2,0
2,5370.1778
2,0
2,0
2,0
2,0
2,124803.4632
2,0
2,0
2,0
2,8160.7938
2,13896.6728
2,0
2,0
2,0
2,5306.6728
2,66816.8285
2,0
2,0
2,29457.1331
2,0
2,0
2,9136.6728
2,0
2,75866.6728
2,284697.9765
2,69618.4387
2,8536.6728
2,5403.7692
2,7859.7574
2,14135.0811
2,0
2,0
2,46166.6728
2,0
2,12276.6728
2,21559.3418
2,41098.934
2,0
2,25766.6728
2,4792.1276
2,11495.73
2,17966.6728
2,0
2,0
2,0
2,0
2,0
2,0
2,0
2,18791.912
2,16087.4337
2,0
2,15447.8469
2,19993.3888
2,4667.013
2,9726.6728
2,0
2,0
2,40066.6728
2,4667.9558
2,17566.6728
2,0
2,0
2,0
2,0
2,0
2,0
2,0
2,0
2,0
2,0
2,15496.4346
2,12558.435
2,0
2,0
2,526985.7255
2,47312.2344
2,8650.3304
2,43766.6728
2,71587.4508
2,4716.8421
2,0
2,0
2,0
2,0
2,0
2,17283.2772
2,6245.8147
2,0
2,0
2,0
2,31142.0661
2,74971.5506
2,4657.7974
2,32653.3281
2,0
2,0
2,0
2,0
2,0
2,0
2,5306.6728
2,0
2,0
2,0
2,0
2,29180.3026
2,14866.6728
2,34666.6728
2,11216.6728
2,15066.6728
2,8156.6728
2,4766.6728
2,31566.6728
2,0
2,38682.1848
2,5416.6728
2,0
2,0
2,0
2,0
2,0
2,0
2,45019.5122
2,0
2,0
2,0
2,0
2,10946.6728
2,0
2,0
2,6676.803
2,55159.6938
2,0
2,35466.6728
2,66920.0401
2,6560.3851
2,56490.7234
2,0
2,0
2,0
2,0
2,0
2,0
2,28676.8053
2,0
2,0
2,0
2,0
2,0
2,11746.6728
2,4666.6728
2,0
2,43193.2526
2,0
2,39666.6728
2,40466.6728
2,19392.0772
2,10212.3504
2,7018.6728
2,0
2,50847.1508
2,0
2,12426.6728
2,0
2,0
2,0
2,4871.4717
2,42266.6728
2,9406.6728
2,0
2,0
2,5536.6728
2,19866.6728
2,5569.8772
2,6625.1762
2,10396.6728
2,0
2,0
2,0
2,0
2,0
2,0
2,10075.0473
2,8914.8645
2,0
2,0
2,0
2,0
2,0
2,11686.6728
2,0
2,16040.1569
2,14356.6728
2,24466.6728
2,17801.0502
2,0
2,0
2,8467.636
2,45761.0488
2,0
2,0
2,0
2,5168.8373
2,4943.4033
2,7583.6795
2,5988.9577
2,157800.9107
2,14866.6728
2,0
2,0
2,0
2,0
2,0
2,0
2,0
2,16118.6728
2,61498.3207
2,8896.6728
2,347569.8164
2,4681.5049
2,0
2,0
2,16066.6728
2,0
2,0
2,0
2,13379.0778
2,17085.6465
2,0
2,198083.6825
2,40441.2626
2,38366.6728
2,9736.6728
2,51241.8292
2,11458.9393
2,6471.7885
2,12453.7592
2,0
2,0
2,0
2,0
2,0
2,18466.6728
2,5667.1892
2,6695.8207
2,0
2,7122.0845
2,6858.8515
2,4926.1617
2,14866.6728
2,8995.677
2,0
2,0
2,0
2,0
2,0
2,0
2,0
2,14926.1604
2,29266.6728
2,5016.6728
2,0
2,0
2,0
2,0
2,18366.6728
2,0
2,0
2,0
2,0
2,11040.9288
2,0
2,0
2,0
2,0
2,0
2,0
2,0
2,0
2,0
2,0
2,0
2,15423.6253
2,5698.0629
2,86970.7719
2,5876.6728
2,8251.7358
2,0
2,0
2,7102.3061
2,0
2,0
2,0
2,74947.7764
2,0
2,0
2,0
2,22066.6728
2,4666.6728
2,7314.3458
2,10756.6728
2,0
2,0
2,6261.9019
2,9162.3558
2,0
2,0
2,5106.6728
2,0
2,86043.459
2,0
2,0
2,0
2,0
2,0
2,0
2,0
2,8860.332
2,0
2,0
2,0
2,0
2,10881.6029
2,0
2,0
2,0
2,0
2,0
2,0
2,0
2,0
2,0
2,0
2,0
2,0
2,0
2,12029.2686
2,6614.7036
2,0
2,10086.6728
2,0
2,0
2,0
2,0
2,7094.9443
2,0
2,0
2,0
2,0
2,0
2,0
2,0
2,0
2,0
2,0
2,34766.6728
2,16266.6728
2,0
2,0
2,5636.6728
2,199819.8382
2,21966.6728
2,8656.0222
2,24866.6728
2,9394.2593
2,12459.1277
2,13756.557
2,0
2,8326.6799
2,13476.6728
2,35666.6728
2,0
2,107666.6728
2,7786.6728
2,0
2,14186.6728
2,5609.2983
2,5397.2728
2,0
2,0
2,17366.6728
2,0
2,760522.4165
2,45066.6728
2,87766.6728
2,24808.3297
2,9556.8826
2,0
2,0
2,0
2,0
2,0
2,0
2,0
2,0
2,0
2,0
2,0
2,0
2,0
2,83839.9577
2,0
2,9594.8443
2,0
2,4752.2764
2,6238.9623
2,4905.631
2,0
2,0
2,0
2,0
2,0
2,10916.6728
2,166917.4561
2,6866.6728
2,0
2,5493.6682
2,0
2,44390.6773
2,15777.3121
2,28391.4468
2,0
2,0
2,0
2,28166.6728
2,0
2,10476.6728
2,8126.6728
2,11219.0536
2,7916.2899
2,4916.1986
2,0
2,5251.818
2,27267.5482
2,38149.0267
2,0
2,5254.134
2,240666.6728
2,13926.6728
2,0
2,33526.7005
2,8103.8527
2,0
2,0
2,0
2,0
2,0
2,0
2,0
2,0
2,8669.0904
2,28552.2708
2,32895.9409
2,0
2,0
2,0
2,0
2,107666.6728
2,63502.5334
2,14711.6993
2,18450.4982
2,103262.4222
2,4794.6161
2,0
2,8866.6728
2,15966.6728
2,37466.6728
2,0
2,12756.6728
2,0
2,6657.4277
2,5145.9456
2,0
2,5659.4421
2,0
2,0
2,8059.2265
2,142666.6728
2,31316.6164
2,63402.7402
2,65576.0754
2,0
2,20666.6728
2,14632.0269
2,20060.8333
2,17942.5408
2,93009.4968
2,0
2,31168.0985
2,14016.6728
2,0
2,18266.6728
2,74432.6502
2,4667.3775
2,12246.6728
2,108666.6728
2,0
2,0
2,5950.2301
2,5256.6728
2,0
2,0
2,114956.5321
2,0
2,26172.4352
2,25091.5105
2,0
2,0
2,0
2,0
2,7267.0261
2,0
2,79687.7111
2,0
2,0
2,5176.6728
2,0
2,0
2,0
2,0
2,87460.5918
2,0
2,0
2,0
2,0
2,0
2,0
2,0
2,0
2,0
2,0
2,0
2,0
2,0
2,0
2,0
2,0
2,0
2,0
2,0
2,0
2,0
2,264666.6728
2,7118.4511
2,0
2,0
2,0
2,0
2,0
2,0
2,0
2,0
2,0
2,0
2,0
2,0
2,0
2,27409.1737
2,0
2,0
2,0
2,0
2,0
2,0
2,0
2,0
2,0
2,28466.6728
2,20025.0614
2,0
2,9332.353
2,6943.9228
2,5606.5674
2,0
2,0
2,4687.4842
2,0
2,0
2,39994.6762
2,6826.6728
2,7022.1793
2,10971.9154
2,5496.6728
2,90066.6728
2,0
2,0
2,0
2,0
2,9557.6682
2,0
2,0
2,58366.6728
2,20066.6728
2,14546.3952
2,8695.9224
2,39432.191
2,13476.6728
2,12204.506
2,0
2,11046.6728
2,0
2,0
2,335574.0847
2,8053.1055
2,4746.6728
2,0
2,0
2,160791.0025
2,5804.0809
2,9616.6728
2,26170.4723
2,0
2,11504666.67
2,10678.7665
2,0
2,0
2,0
2,0
2,0
2,5391.3162
2,0
2,0
2,16210.6839
2,5555.4732
2,0
2,0
2,3488503.435
2,15538.7813
2,15666.6728
2,36616.0053
2,0
2,133557.3144
2,0
2,5556.6728
2,6458.8197
2,5811.0901
2,32460.9968
2,0
2,35666.6728
2,117037.3614
2,7076.6728
2,4736.6728
2,0
2,29018.0381
2,16966.6728
2,0
2,0
2,11656.6728
2,0
2,46855.9481
2,0
2,6416.6728
2,10756.6728
2,0
2,143470.5529
2,0
2,5164.1908
2,0
2,4940.3638
2,89744.8167
2,0
2,0
2,0
2,0
2,485626.2469
2,0
2,1109796.652
2,35266.6728
2,0
2,0
2,0
2,0
2,0
2,34965.9292
2,214212.2226
2,0
2,0
2,0
2,0
2,0
2,292970127.2
2,0
2,0
2,0
2,0
2,0
2,0
2,0
2,107082.6517
2,0
2,0
2,0
2,0
2,0
2,0
2,0
2,12304.5706
2,4846.184
2,0
2,0
2,0
2,281556.4655
2,119710.7076
2,124666.6728
2,39997.1381
2,0
2,30866.6728
2,0
2,16966.6728
2,43346.3966
2,0
2,23666.6728
2,149666.6728
2,6100.3903
2,23134.4976
2,8430.1812
2,133203.2052
2,42649.3504
2,0
2,8402.7409
2,0
2,5570.5887
2,0
2,0
2,482933.8563
2,23066.6728
2,27754.695
2,0
2,0
2,0
2,0
2,0
2,50439.7603
2,0
2,0
2,41539.3474
2,0
2,0
2,0
2,0
2,17565.9936
2,0
2,0
2,24266.6728
2,0
2,0
2,7191.6844
2,0
2,0
2,0
2,0
2,0
2,0
2,0
2,0
2,0
2,0
2,0
2,0
2,47443.8044
2,0
2,5412.8732
2,0
2,0
2,0
2,0
2,0
2,0
2,0
2,42258.4326
2,0
2,0
2,0
2,0
2,0
2,0
2,0
2,0
2,0
2,0
2,0
2,7376.6728
2,0
2,0
2,5859.5456
2,0
2,0
2,0
2,0
2,0
2,0
2,0
2,0
2,46566.6728
2,6831.1749
2,6161666.673
2,0
2,0
2,0
2,22333.3912
2,0
2,5576.6728
2,0
2,4736.6728
2,5168.8373
2,17616.9813
2,427422.4262
2,0
2,11156.6728
2,20666.6728
2,0
2,23649.3909
2,0
2,0
2,0
2,0
2,0
2,0
2,0
2,0
2,0
2,0
2,0
2,36566.6728
2,0
2,12646.6728
2,77166.6728
2,10897.3552
2,0
2,0
2,0
2,7661.0037
2,562687.5183
2,10666.6728
2,19526.2552
2,22066.6728
2,5166.6738
2,106542.8614
2,10836.6728
2,6186.6728
2,5006.6728
2,131852.8746
2,172666.6728
2,0
2,5745.9082
2,45152.6728
2,0
2,37894.3522
2,16629.9185
2,0
2,434251.4059
2,0
2,2866111.128
2,88748.5759
2,65066.6728
2,31647.0518
2,8578.19
2,0
2,169882.5624
2,0
2,187666.6728
2,0
2,0
2,0
2,0
2,0
2,48343.1662
2,0
2,5166.6421
2,0
2,0
2,0
2,2084666.673
2,36066.6728
2,0
2,14918.6457
2,0
2,81605.3494
2,0
2,0
2,0
2,0
2,0
2,0
2,0
2,0
2,0
2,0
2,0
2,0
2,0
2,0
2,8630.7739
2,11804.1138
2,27266.6728
2,7096.6728
2,54866.6728
2,0
2,0
2,0
2,0
2,0
2,0
2,0
2,6673.4069
2,0
2,0
2,0
2,0
2,31566.6728
2,6310.6277
2,0
2,0
2,0
2,4683.8132
2,33248.2166
2,8995.677
2,125057.5981
2,303534.8885
2,14286.6728
2,28249.3259
2,0
2,0
2,4923.2592
2,0
2,17466.6728
2,0
2,9663.7954
2,10784.3393
2,7846.6728
2,14482.6899
2,8689.8277
2,8766.6728
2,63887.8302
2,9696.6728
2,11664.6148
2,8995.677
2,0
2,0
2,0
2,9510.3581
2,62566.6728
2,0
2,0
2,32266.6728
2,24966.6728
2,30270.9384
2,6264743.673
2,0
2,0
2,0
2,0
2,0
2,0
2,0
2,420025.7698
2,0
2,18466.6728
2,6303.7292
2,0
2,0
2,25769.0783
2,16166.6728
2,0
2,4715.2478
2,0
2,21571.222
2,37666.6728
2,0
2,11102.0601
2,61073.9273
2,13354.7932
2,0
2,0
2,0
2,0
2,24766.6728
2,43166.6728
2,18884.0284
2,0
2,8466.6728
2,5555.0883
2,0
2,0
2,0
2,0
2,0
2,11065.0469
2,34573.5696
2,8158.2334
2,0
2,0
2,0
2,0
2,0
2,0
2,0
2,0
2,0
2,0
2,0
2,0
2,0
2,0
2,0
2,32466.6728
2,24166.6728
2,47566.6728
2,0
2,0
2,53054.6381
2,55804.4997
2,0
2,5253.0674
2,32030.5183
2,0
2,0
2,0
2,0
2,0
2,298597.2832
2,25102.3101
2,0
2,0
2,0
2,0
2,8856.6728
2,7706.6728
2,0
2,0
2,0
2,0
2,0
2,0
2,20566.6728
2,0
2,26686.2778
2,0
2,0
2,0
2,0
2,0
2,0
2,0
2,0
2,6100.3903
2,11315.7907
2,0
2,0
2,22766.6728
2,0
2,0
2,34624.662
2,7666.6728
2,0
2,11767.1534
2,120512.7293
2,0
2,5566.4513
2,0
2,19890.7295
2,8281.7022
2,252666.6728
2,39725.4284
2,7666.6728
2,48652.6408
2,0
2,42602.1223
2,0
2,0
2,10166.6728
3,8913.1262
3,13358.9185
3,133680.9321
3,0
3,15307.4058
3,89559.5005
3,0
3,8674.2899
3,8432.6478
3,0
3,5315.3246
3,0
3,5669.9016
3,4666.6728
3,8647.507
3,21491.5663
3,26566.6728
3,16366.6728
3,0
3,8853.5085
3,8741.7159
3,0
3,0
3,0
3,115004666.7
3,21298.6638
3,6336.3901
3,0
3,0
3,469225.8061
3,10943.4861
3,0
3,5113.1576
3,43118.5223
3,12996.9558
3,16210.6839
3,35988.7128
3,7385.9737
3,91606.205
3,135987.6728
3,0
3,9757.0215
3,0
3,4736.6728
3,5084.8784
3,0
3,9198.8002
3,5946.1342
3,7265.0292
3,0
3,0
3,8912.6945
3,0
3,8760.844
3,7674.9819
3,40094.244
3,9536.6728
3,316914.7452
3,4726.8115
3,26584.6728
3,0
3,6755.4576
3,9336.5985
3,1134769.925
3,0
3,0
3,0
3,0
3,122068.6906
3,6831.5691
3,23366.6728
3,9574.8229
3,6591.5453
3,0
3,9268.7321
3,29066.6728
3,66967.6598
3,13651.3447
3,1586678.737
3,8436.2236
3,8174.866
3,5616.6728
3,21608.4707
3,7071.7593
3,24084.9987
3,0
3,6368.3055
3,0
3,48089.4087
3,5469.387
3,7380.3832
3,385124.3339
3,11917.8929
3,0
3,6926.6728
3,0
3,48699.5755
3,6664.1354
3,6119.9521
3,6583.9943
3,7258.9857
3,19987.5735
3,8532.5314
3,16928.2219
3,377677.1424
3,5776.5597
3,12870.3176
3,0
3,17894.2234
3,18555.5206
3,15079.9228
3,10631.6076
3,120980.3752
3,14133.6325
3,14692.5523
3,0
3,0
3,0
3,0
3,0
3,0
3,0
3,10506.2417
3,117432.3352
3,8757.7009
3,6232.1247
3,38766.6728
3,18544.1511
3,0
3,6340.4549
3,151421.4496
3,49566.6728
3,165666.6728
3,0
3,7154.8245
3,7102.1769
3,0
3,0
3,0
3,0
3,63408.1922
3,18804.146
3,0
3,0
3,0
3,0
3,0
3,0
3,19786.3006
3,13297.7793
3,20979.8522
3,0
3,5351.9166
3,16312.6043
3,0
3,14896.0324
3,34280.4944
3,0
3,42297.1037
3,4802.2323
3,22249.3922
3,11486.3243
3,4741.3488
3,0
3,16636.4233
3,7744.9142
3,5654.8532
3,10539.2752
3,7354.8931
3,25081.5661
3,5480.3522
3,27197.7569
3,17566.6728
3,5741.9609
3,13740.4739
3,18169.7711
3,17617.809
3,36278.3327
3,8233.5956
3,11863.6229
3,5648.11
3,0
3,0
3,0
3,0
3,9940.9349
3,8051.5397
3,0
3,39793.3675
3,28566.6728
3,488509.2742
3,0
3,25137.8314
3,0
3,5412.7098
3,14054.8084
3,0
3,72558.2138
3,43816.9419
3,14290.2596
3,24807.7607
3,14300.9271
3,0
3,210678.2994
3,11816.6728
3,17366.6728
3,7609.7792
3,6679.2488
3,0
3,5873.1736
3,0
3,6413.7088
3,23397.4706
3,7534.861
3,16282.1332
3,5544.4458
3,0
3,0
3,38648.5565
3,34830.255
3,585697.9947
3,7820.9119
3,5302.9488
3,17296.6585
3,157971.6947
3,29492.4085
3,7165.329
3,356403.6728
3,37132.968
3,0
3,6451.0483
3,33526.7005
3,0
3,6069.1896
3,28867.5014
3,4767.2127
3,51902.283
3,125934.7342
3,16930.0615
3,6817.2491
3,0
3,0
3,0
3,0
3,0
3,0
3,0
3,0
3,0
3,0
3,0
3,11078.5123
3,36354.6366
3,18316.219
3,50219.6816
3,13761.0357
3,5477.7753
3,5141.3549
3,30385.7453
3,7840.6201
3,6636.0977
3,91802.1383
3,26450.8791
3,0
3,522907.2209
3,73027.0975
3,6997.4769
3,0
3,0
3,12860.722
3,32830.3157
3,6610.8494
3,6831.1749
3,11411.269
3,0
3,0
3,0
3,0
3,54699.3044
3,0
3,0
3,0
3,0
3,246349.3221
3,14666.6728
3,0
3,0
3,0
3,0
3,0
3,13332.4516
3,73967.7402
3,0
3,0
3,0
3,0
3,14246.5064
3,21227.63
3,9748.3112
3,4888.2523
3,155204.8767
3,7188.2975
3,16875.8901
3,5154.362
3,145972.2407
3,18371.5492
3,29235.5825
3,0
3,77308.8606
3,24452.1321
3,5933.3831
3,10596.6728
3,16210.6839
3,5085.6955
3,0
3,0
3,10121.7803
3,13815.3877
3,44053.1487
3,5652.6098
3,19001.6438
3,0
3,0
3,32043.0995
3,82850.9798
3,17134.0698
3,10122.3032
3,5457.4214
3,34344.6459
3,65022.9817
3,0
3,0
3,0
3,5169.0523
3,0
3,16135.704
3,11657.848
3,657105.44
3,4887.1602
3,5666.6728
3,0
3,0
3,5608.5417
3,52591.0244
3,5276.6728
3,45720.7729
3,1683603.683
3,12997.7512
3,14433.7576
3,99746.1328
3,23840.5081
3,0
3,36737.2466
3,5251.8386
3,4674.6301
3,0
3,0
3,0
3,0
3,5477.687
3,0
3,18591.1038
3,0
3,10783.1953
3,0
3,374747.8302
3,5048.8412
3,8995.677
3,0
3,21766.6728
3,10253.8611
3,17621.7291
3,5030.2804
3,0
3,29819.6281
3,9132.562
3,0
3,65616.5029
3,0
3,0
3,0
3,7174.7612
3,9725.6636
3,6734.9158
3,30457.7808
3,5994.7396
3,13681.2652
3,8370.7095
3,30027.3107
3,5943.8423
3,93266.6728
3,6666.6728
3,0
3,2744518.755
3,14454.5967
3,5309.9879
3,5661.4853
3,19011.4567
3,4760286.038
3,8098.1386
3,0
3,12674.8086
3,18462.0646
3,7616.6728
3,4666.6728
3,12009.8755
3,13740.6028
3,0
3,5309.2813
3,42936.0834
3,19966.6728
3,0
3,7706.0584
3,8965.9092
3,0
3,0
3,33526.7005
3,8657.3577
3,8099.9303
3,4671.8757
3,7465.195
3,65500.0953
3,6730.5146
3,13765.6826
3,16566.6728
3,41618.2416
3,4834.2975
3,28124.4713
3,8453.394
3,9058.3236
3,81892.7146
3,16550.7842
3,8876.6728
3,40181.7973
3,5444.0374
3,14877.2066
3,69348.6091
3,0
3,7617.0091
3,0
3,6136.8319
3,9091.53
3,5888.3431
3,8359.2698
3,9397.2386
3,15590.0525
3,0
3,7677.7364
3,337261.6725
3,9199.533
3,0
3,0
3,11793.0653
3,28266.6728
3,0
3,0
3,8508.3081
3,240523.7508
3,0
3,0
3,0
3,0
3,0
3,0
3,0
3,4999.2279
3,0
3,0
3,0
3,0
3,0
3,0
3,7171.6843
3,31733.7593
3,0
3,0
3,0
3,22359.9238
3,6442.2866
3,0
3,0
3,1089795.002
3,26104.7161
3,0
3,6825.4401
3,0
3,55675.9815
3,44798.7217
3,18046.6372
3,41171.8978
3,46348.857
3,6143.8377
3,7364.3045
3,5596.6728
3,140699.42
3,4707.0931
3,0
3,10402.2507
3,264225.8517
3,6216.5052
3,0
3,37572.2709
3,6039.5975
3,22786.0371
3,0
3,4953.1347
3,4749.7022
3,103930.3559
3,5746.0379
3,5204.3169
3,10792.2445
3,24666.6728
3,51409.3386
3,17066.6728
3,51561666.67
3,77966.6728
3,9457.8707
3,0
3,5122.6824
3,179952.5087
3,16940.4107
3,5532.7169
3,0
3,0
3,12456.6728
3,28205.4532
3,18044.9227
3,6571.0443
3,0
3,0
3,12613.7232
3,4889.4131
3,26324.9509
3,16189.5949
3,12233.566
3,0
3,99279.0865
3,0
3,0
3,0
3,0
3,0
3,0
3,4730.7901
3,45609.035
3,4766.6728
3,0
3,155666.6728
3,0
3,0
3,50712.5383
3,0
3,11710.0027
3,104166.6728
3,0
3,0
3,0
3,62166.6728
3,228660.7677
3,4727.9976
3,50339.068
3,0
3,11842.9948
3,13043.2353
3,8537.9669
3,5297.9123
3,0
3,0
3,0
3,4733.4092
3,36705.6748
3,0
3,13294.0593
3,5901.6724
3,11256.6728
3,0
3,19669.1246
3,50061.0104
3,0
3,0
3,7245.5836
3,15526.6703
3,0
3,39915.0909
3,0
3,0
3,0
3,96466.6728
3,30366.864
3,0
3,0
3,7598.5327
3,9980.7766
3,6236.9122
3,1265463.744
3,8621.5917
3,5813.1326
3,5022.518
3,26473.3412
3,34569.0017
3,132322.4219
3,33266.6728
3,6532.4336
3,6528.9813
3,41542564.01
3,10882.0699
3,5150.7389
3,932666.6728
3,5388.3365
3,204487.7673
3,174864.5065
3,16210.6839
3,55022.2474
3,6070.2138
3,16459.6891
3,0
3,0
3,23476.2828
3,42566.6728
3,0
3,0
3,25598.5477
3,5726.1597
3,36910.8857
3,9375.4813
3,59682.0101
3,116407.9573
3,11538.8699
3,6692.4941
3,21031.3499
3,5136.4581
3,0
3,0
3,183881.359
3,16752.0572
3,0
3,11048.5248
3,20609.8285
3,6286.6728
3,6912.1378
3,8755.923
3,23889.1433
3,20276.5515
3,4669.9413
3,0
3,5784.2856
3,379867.4343
3,5780.5275
3,21862.5996
3,8473.5694
3,4841.3409
3,6548.6653
3,39945.7421
3,16254.6327
3,28803.597
3,0
3,203666.6728
3,270332.6728
3,0
3,103874.2541
3,9111.2614
3,6445.2852
3,0
3,0
3,14206.2926
3,48066.6728
3,7299.6543
3,0
3,0
3,33098.3129
3,26518.7086
3,6588.0783
3,89366.6728
3,8332.3894
3,0
3,21266.6728
3,6933.761
3,0
3,0
3,40446.5297
3,8440.777
3,8382.9664
3,199297.234
3,7411.8009
3,21389.8602
3,0
3,0
3,17993.1037
3,6034.406
3,15666.6728
3,4924.5804
3,5907.5487
3,18619.9568
3,46735.5281
3,0
3,11438.8095
3,23866.6728
3,11352673.61
3,0
3,42266.8318
3,0
3,196666.6728
3,20966.6728
3,11866.6728
3,430463.8836
3,39010.3966
3,15747.067
3,0
3,0
3,0
3,12326.6728
3,14398.6153
3,0
3,6831.1749
3,10583.9657
3,0
3,0
3,13356.6728
3,5623.4269
3,0
3,4751.831
3,10616.1137
3,6720618.682
3,6058.4184
3,25352.528
3,6612.3796
3,0
3,0
3,0
3,5846.6728
3,24120481.1
3,0
3,26391.4717
3,0
3,0
3,37053.95
3,0
3,58218.5426
3,11004.6972
3,13471.722
3,6055.7887
3,23846.5225
3,0
3,8319.6728
3,29524.5887
3,0
3,0
3,6672.2293
3,0
3,0
3,0
3,10086.1993
3,35096.1637
3,5656.6728
3,0
3,0
3,0
3,8601.3028
3,0
3,0
3,0
3,0
3,40712.5177
3,0
3,0
3,0
3,7673.6047
3,9896.6728
3,6884.8581
3,0
3,0
3,11060.0375
3,0
3,12706.7306
3,28839.3793
3,9548.0245
3,10231.0059
3,14388.5231
3,4766.6728
4,0
4,91222.0779
4,9760.8727
4,0
4,4737.3142
4,638666.6728
4,7164.9234
4,4666.6728
4,0
4,16680.4542
4,0
4,42301.7569
4,8995.677
4,26108.1993
4,10665.373
4,143328.2831
4,77866.6728
4,40338.5156
4,8580.5157
4,16522.4837
4,1763481.659
4,8716.4455
4,0
4,32644.1172
4,57279.2685
4,13922.5459
4,15136.7812
4,10725.5258
4,43274.8993
4,0
4,13741.6758
4,7149.7783
4,83307.8152
4,0
4,18093.6721
4,36999.4193
4,0
4,45773.1347
4,24840.6901
4,8067.9372
4,39266.6728
4,62801.6059
4,0
4,10355.9017
4,6539.0376
4,29032.365
4,32172.2284
4,0
4,0
4,79412.2303
4,12736.6728
4,5451.6886
4,66974.3072
4,181610.4815
4,13682.8778
4,50293.0653
4,0
4,8548.5985
4,11424.0248
4,97958.5498
4,0
4,138790.9521
4,35368.199
4,0
4,0
4,7786.1282
4,114018.2981
4,0
4,0
4,0
4,0
4,0
4,0
4,0
4,5019.8128
4,33924.5
4,0
4,0
4,7399.1981
4,157666.6728
4,158833.7332
4,4710.6728
4,12383.7515
4,0
4,13366.6728
4,7329.1952
4,9718.3034
4,8503.978
4,0
4,0
4,8733.6991
4,0
4,0
4,0
4,23423.5009
4,8208.0747
4,13640.6412
4,6831.1749
4,0
4,18266.6728
4,0
4,0
4,0
4,33526.7005
4,6984.6883
4,27754.695
4,37184.7322
4,0
4,0
4,0
4,28166.6728
4,645128.9374
4,0
4,6437.6599
4,0
4,29085.3072
4,14321.8455
4,0
4,12800.6887
4,0
4,0
4,0
4,0
4,0
4,22666.6728
4,6676.6728
4,52788.9844
4,0
4,561057.1447
4,5736.6728
4,1117538.446
4,11364.1085
4,0
4,0
4,0
4,42943.5816
4,0
4,16485.7185
4,0
4,0
4,10374.7964
4,0
4,0
4,5817.1067
4,5389.4437
4,12234.9598
4,6470.0668
4,23842.1329
4,5121.9781
4,0
4,4541755.843
4,123818.6744
4,19266.6728
4,0
4,0
4,0
4,16659.2164
4,8793.4618
4,10648.4015
4,8473.8655
4,0
4,89783.1399
4,0
4,4669.5588
4,0
4,65099.7301
4,51831.1158
4,0
4,0
4,6831.1749
4,0
4,0
4,0
4,12841.0479
4,0
4,0
4,20256.6978
4,5994.0075
4,80793.2826
4,16170.5136
4,0
4,0
4,4681.3811
4,0
4,6822.3711
4,80268.8314
4,42787.0095
4,0
4,21819.2887
4,0
4,0
4,25194.3898
4,0
4,0
4,0
4,7951.0331
4,0
4,7884.9316
4,0
4,87538.4103
4,11037.2162
4,0
4,12352.4059
4,29124.4701
4,0
4,94935.3668
4,0
4,0
4,48368.0623
4,0
4,16031.9339
4,17285.2383
4,0
4,0
4,141501.9677
4,0
4,43573.3021
4,0
4,10218.6314
4,117166.6728
4,0
4,0
4,0
4,7146.9316
4,0
4,5473.4433
4,9710.847
4,330853.4121
4,43434.7429
4,7905.8769
4,5687.2567
4,5407.0785
4,50917.4172
4,160283.8416
4,23864.5653
4,11036.6728
4,174901.0294
4,258645.7655
4,2303505.517
4,10359.1935
4,142680.7312
4,67830.6058
4,0
4,127707.5447
4,0
4,0
4,6831.1749
4,91897.0725
4,0
4,105808.335
4,7732.2065
4,26579.1514
4,0
4,0
4,25266.6728
4,44457.2298
4,9359.6289
4,0
4,134655.2485
4,0
4,42628.9603
4,460636.3476
4,0
4,0
4,0
4,0
4,0
4,0
4,0
4,0
4,91493.2853
4,9845.2567
4,14952.9814
4,12665898.37
4,0
4,0
4,583895.9435
4,23149.149
4,57429.544
4,0
4,0
4,33063.4626
4,99632.429
4,45314.2163
4,0
4,4965.7649
4,463045.6855
4,171741.5687
4,0
4,4668.468
4,0
4,62152.7827
4,6753.0092
4,0
4,0
4,404585.8266
4,41902.1328
4,0
4,12943.6321
4,83116.6499
4,5961.8332
4,54577.2707
4,12505.0453
4,0
4,0
4,30019.5864
4,15744.3567
4,23821.0586
4,11540.2522
4,0
4,13131.4329
4,5811.7877
4,8033.2124
4,13839.762
4,0
4,0
4,0
4,6905.2077
4,7957.2026
4,8593.3296
4,6133.1068
4,0
4,0
4,0
4,29266.6728
4,0
4,65388.2514
4,0
4,0
4,0
4,0
4,53425.6554
4,0
4,5516.6728
4,5804.5002
4,13606.6895
4,33879.9368
4,40063.3568
4,152020.8198
4,0
4,0
4,10640.427
4,0
4,0
4,4056870.612
4,5728.1208
4,37525.4742
4,14459.6256
4,14558.9062
4,175429.0509
4,3021277.884
4,44214.5582
5,33159.786
5,0
5,16211.6849
5,7152.3444
5,0
5,74266.1809
5,13766.6728
5,20755.2602
5,7689.0847
5,11010.891
5,0
5,0
5,0
5,787121.4248
5,0
5,62698.2743
5,4946.6728
5,0
5,0
5,169242.5379
5,143811.9545
5,0
5,0
5,78291.21
5,14016.5796
5,40455.9201
5,19193.1974
5,0
5,0
5,5709.5806
5,20414.1435
5,163879.3706
5,24768.324
5,0
5,29014.1722
5,0
5,20345.7741
5,0
5,48550.7095
5,13581.2695
5,25094.8479
5,7297.1861
5,27797.211
5,0
5,7085565.751
5,0
5,9595.3174
5,0
5,106160.6949
5,15966.6728
5,0
5,54309.9274
5,12768.0574
5,30442.542
5,40310.9096
5,598127.9951
5,12877.9821
5,76766.6728
5,0
5,10570.703
5,0
5,0
5,0
5,0
5,0
5,16166.6728
5,0
5,0
5,40509.6101
5,0
5,594085.8754
5,10823.7844
5,6733.6585
5,0
5,0
5,27166.6728
5,10499.9548
5,0
5,1349853.673
5,0
5,9745.6681
5,274733.2409
5,13470.2232
5,5106.6728
5,0
5,0
5,22584.669
5,14987.7004
5,0
5,0
5,0
5,0
5,7202.2892
5,166947.73
5,12575.8518
5,16961.0572
5,213330.8499
5,213749.9201
5,0
5,0
5,0
5,0
5,0
5,4713.1923
5,42166.6728
5,0
5,0
5,5166.6738
5,44768.3973
5,0
5,165840.297
5,29615.1945
5,0
5,64729.4108
5,90054.8896
5,0
5,13076.6728
5,22966.6728
5,0
5,3591666.673
5,0
5,5857.4195
5,0
5,0
5,0
5,0
5,0
5,0
5,0
5,13292.3744
5,87987.3548
5,0
5,37238.9242
5,101021.0791
5,10657.3491
5,0
5,208905.1723
5,0
5,5921.1756
5,5106.6728
5,8158.6558
5,5706.6728
5,27405.946
5,0
5,0
5,8872.7024
5,22031.9012
5,8974.3342
5,10846.6728
5,40227.3381
5,8923.3586
5,136636.1345
5,11076.2101
5,0
5,13316.1301
5,8484.5884
5,52985.7656
5,0
5,0
5,25130.1201
5,179666.6728
5,8687.4259
5,0
5,12743.7965
5,0
5,0
5,8524.1918
5,7879.7796
5,35821.6747
5,0
5,55611.0147
5,0
5,124666.6728
5,0
5,0
5,0
5,0
5,33526.7005
5,0
5,69178.482
5,0
5,9808.8804
5,0
5,0
5,0
5,223699.1043
5,33526.7005
5,23053.1774
5,143622.334
5,97466.6728
5,22179.88
5,5526.9033
5,5926.6728
5,0
5,31066.6728
5,21557.5194
5,842775.9035
5,0
5,9065.3367
5,32702.4457
5,9304674.264
5,44530.717
5,0
5,11596.2432
5,0
5,0
5,0
5,0
5,18639.5452
5,0
5,31666.402
5,19523.9883
5,504557.5666
5,0
5,0
5,4907.7253
5,0
5,0
5,13627.4071
5,0
5,0
5,61519.588
5,0
5,0
5,483012.3078
5,6991.964
5,23152.5413
6,8869.44
6,43756.7777
6,8634.6416
6,35522.2876
6,26707.9785
6,9946.0379
6,12236.6728
6,16312.9543
6,9138.7688
6,117965.1815
6,71536.598
6,6256.6728
6,17498.3297
6,32717.228
6,38386.4832
6,0
6,73915.7351
6,60896.1612
6,0
6,623183.2707
6,0
6,17938.4411
6,0
6,34169.1846
6,0
6,0
6,22366.6728
6,17271.9206
6,0
6,66952.0594
6,0
6,12140.0845
6,0
6,5758.1753
6,26172.4352
6,17322.9344
6,52027.9752
6,15666.6728
6,0
6,11416.6728
6,0
6,0
6,0
6,0
6,212666.6728
6,83753.024
6,69611.1071
6,0
6,0
6,0
6,50220.7395
6,14182.2802
6,6868.5588
6,4125934.052
6,4746.2435
6,38536.9632
6,319215.2904
6,116308.7751
6,8375.2222
6,0
6,71328.5715
6,8319.6728
6,4680.2276
6,163984.104
6,5204.8814
6,62594.1066
6,0
6,47242.8776
6,161991.5198
6,15950.4593
6,0
6,0
6,0
6,0
6,0
6,64752.8996
6,14032.936
6,5866.1323
6,226461.5258
6,0
6,25515.4988
6,16426.2744
6,167229.6957
6,40870.8295
6,36330.6501
6,0
6,1623759.808
6,1311044.335
6,639074.2492
6,21018.4754
6,8140.8065
6,0
6,1475769.611
6,28593.2027
6,49993.84
6,72167572
6,15998.1588
6,7812.904
6,3987121.673
6,192522.5787
6,0
6,0
6,0
6,35997.4236
6,0
6,120879.9843
6,161914.2653
6,8972.6254
6,20866.6728
6,0
6,12552.3045
6,8261.0274
6,13877.8506
6,69293.4024
6,0
6,0
6,23312.2898
6,394790.4701
6,175120.6728
6,0
6,29405.4424
6,41239.8412
6,0
6,0
6,26252.1718
6,0
6,0
6,0
6,0
6,0
6,0
6,20166.6728
6,431569.5583
6,214510.7705
7,17078.3129
7,10690.7782
7,8995.677
7,71968.4123
7,0
7,122419.0672
7,8487.8877
7,0
7,0
7,0
7,0
7,0
7,0
7,15677.8068
7,0
7,37312.25
7,0
7,75663.6229
7,5289.8345
7,11735.4392
7,24380.2883
7,42301.7569
7,0
7,46473.1064
7,9253.3926
7,19523.6929
7,108748.3022
7,18253.3461
7,37864.8709
7,0
7,0
7,286915.4467
7,0
7,11207.1121
7,0
7,0
7,0
7,0
7,0
7,0
7,0
7,144253.1075
7,11438.2802
7,0
7,14492.863
7,115198.9399
7,5156.6728
7,381708.7217
7,11016.6728
7,58912.6723
7,15226.3571
7,0
7,8836217.096
7,5526.6728
7,7691.577
7,15884149.67
7,0
7,0
7,0
7,31858.286
7,5793.0336
7,6301.0173
7,0
7,9161.2851
7,0
7,0
7,186171.1696
7,48531.966
7,7925.9586
7,6531.2523
7,0
7,838832.3669
7,20866.6728
7,31460.9883
7,5156.6728
7,6173266.673
7,29366.6728
7,369630.6958
8,0
8,1635565.686
8,72162317.27
8,0
8,4831.8859
8,47366.6728
8,12102.8584
8,0
8,8776.2004
8,231310.1855
8,178157.2553
8,135178.7655
8,10890.7555
8,54234.0653
8,0
8,0
8,5110.5102
8,0
8,21228.4956
8,0
8,31572.3446
8,12373.4277
8,10413.5741
8,0
8,20720.4599
8,16466.6728
8,0
8,1340753.347
8,0
8,4701.2331
8,0
8,0
8,529528.0876
8,31109.4469
8,0
8,28661.0485
8,88372.2789
8,1267853.983
8,18413.5944
8,1167092.875
8,15400.981
8,4989.6258
8,86380.956
8,5196.6728
8,84072.7448
9,130822.6779
9,0
9,12092.0295
9,0
9,8256.6728
9,0
9,0
9,0
9,1101474.227
9,12220.6226
9,0
9,6831.1749
9,5646.6728
9,0
9,26584.6728
9,33526.7005
9,505705.1455
9,0
9,42880.021
9,49470.3444
9,38244.7897
9,0
9,0
9,8726578.594
9,35622.8757
9,204828.6847
9,5951.0077
9,10189.3279
9,139353.7619
9,132770.1729
9,0
9,11427.5189
9,575472.5462
9,13543.4503
9,0
9,48707.6897
9,27432.2074
9,161982.4748
9,0
9,120142.9645
9,326588.5212
9,0
9,8609.3959
10,409918.6728
10,5397.2728
10,95139.4544
10,92839.9758
10,13446.6728
10,80685.2176
10,0
10,0
10,0
10,39368.2517
10,0
10,0
10,0
10,0
10,0
10,0
10,0
10,0
10,16866.6728
10,165109.7612
10,0
10,1008705.567
10,290095.6326
10,11035.0197
10,667354.6174
10,29552.3393
10,6468.2641
10,0
10,27866.6728
10,8250.9665
10,1507513.673
10,0
10,0
10,11384.0297
10,46360.7569
10,238643.2665
10,20837.94
11,161405.4788
11,0
11,66024.5155
11,491586.2082
11,15875.5468
11,93967.8158
11,0
11,19953.6046
11,456931.6728
11,20328.4179
11,71763.3213
11,0
11,14891.9252
11,0
11,5637.0464
11,0
11,0
12,4666.6728
12,227815.3964
12,99310.3206
12,254666.6728
12,2524906.872
12,0
12,4485103.412
12,12686.2841
12,147458.4266
12,158489.3362
12,33526.7005
12,347362.43
12,0
12,0
12,79171.2214
12,5096.6728
12,7766.6728
12,104374.8515
12,3503017.555
12,0
12,487523.3864
12,115994.5293
12,823236.3467
12,13016.6728
12,24750.3472
12,0
13,8201.395
13,0
13,0
13,0
13,45451.5922
13,7369.9
13,5580704.558
13,331215.2854
13,183881.359
13,0
13,0
13,104666.6728
13,54607.5243
13,12065.2556
13,5366.6728
13,48312.1569
13,90986412.52
13,50166.6728
13,0
13,10246.6728
13,0
13,12166.6728
13,859536.714
13,0
13,0
13,0
13,0
13,0
14,73233.1598
14,1428129.293
14,444163.3308
14,25251.1558
14,0
14,454053.4877
14,0
14,91337.7787
14,50818.5988
14,33526.7005
15,130211.6728
15,67616.0536
15,0
15,5169.9594
15,0
15,18723.9638
15,415226.6267
15,1161466.765
15,23799.6325
16,102092.7612
16,230069.7363
16,250199.7862
16,383367.6728
16,33526.7005
16,0
16,4206613.814
16,17066.6728
16,31461.6728
17,16451.9034
17,52770.3224
17,58630.7714
17,102019.8378
17,18805.3047
17,0
17,0
17,40466.6728
18,5716.6728
18,91387.0965
18,20342.1104
18,8995.677
18,0
19,0
19,14046.6728
19,0
19,173782.1562
19,222020.7562
19,8319.6728
19,638261.6728
19,13766.6728
19,0
19,0
20,0
20,4766.5318
20,0
21,15734.9367
22,98530.4114
22,12356.6728
22,59066.6728
22,0
23,84857.8698
23,0
23,62860.474
23,0
23,53547.2967
23,147290.0212
23,0
23,0
23,64375.66
23,57147.6728
23,87866.6728
23,83451.3012
23,320515.5514
23,0
23,20990.1649
23,0
23,740787.8463
23,108316.3042
23,21550.3458
23,0
23,0
23,0
23,7666.6728
24,22166.6728
24,8912.0982
24,9891666.673
24,135892.8538
24,33526.7005
24,0
24,0
25,33308.6865
25,7666.6728
25,0
25,70047.6655
25,0
25,39678.5423
25,15866.6728
25,0
25,64920.9297
25,0
26,199595.6728
26,0
27,670483.1661
27,382633.1285
27,54913.4275
27,104482.2492
28,0
28,10632.3878
28,151290.9476
28,0
28,0
28,0
28,197940.6728
28,0
29,4766.6728
29,4070759.673
29,0
29,13146.6728
29,0
29,64094.125
30,0
30,375759.2105
30,707691.602
30,17718.9145
31,0
31,33526.7005
31,268301.6728
31,668985.6728
31,0
31,10248.4114
32,0
35,4773.4549
35,62417.2873
35,22470.7702
35,151662.8313
35,19315.6321
35,0
35,33666.6728
37,207585.5202
37,95560.0268
38,8618.6728
39,40362666.67
40,6126.7154
41,75504.5561
42,0
42,3619786.673
46,107666.6728
46,0
47,0
48,0
48,46704.499
49,60335.1105
49,24730.5026
49,8901.2694
49,0
54,12316.6728
60,33526.7005
62,1761580.754
65,529051.6022
72,613590.7287
91,62913.4162
120,1052071.653
